{
  "dolar": 471.7004,
  "euro": 543.94131626,
  "usdt": 668.0,
  "usdt_promedio_compra": 671.8,
  "usdt_promedio_venta": 650.56,
  "timestamp": 1774783161.3539293,
  "human_date": "2026-03-29 11:19:25"
}