{
  "dolar": 477.1488,
  "euro": 560.04863251,
  "usdt": 637.95,
  "usdt_promedio_compra": 638.47,
  "usdt_promedio_venta": 632.48,
  "timestamp": 1775917631.626713,
  "human_date": "2026-04-11 14:27:16"
}