{
  "dolar": 474.0598,
  "euro": 550.89541238,
  "usdt": 630.0,
  "usdt_promedio_compra": 631.87,
  "usdt_promedio_venta": 623.01,
  "timestamp": 1775417172.1494038,
  "human_date": "2026-04-05 19:26:16"
}