{
  "dolar": 419.9873,
  "euro": 495.60601336,
  "usdt": 614.499,
  "usdt_promedio_compra": 618.12,
  "usdt_promedio_venta": 609.26,
  "timestamp": 1772472963.280634,
  "human_date": "2026-03-02 17:36:08"
}