{
  "dolar": 457.0757,
  "euro": 527.7944523,
  "usdt": 657.0,
  "usdt_promedio_compra": 670.07,
  "usdt_promedio_venta": 622.68,
  "timestamp": 1774164661.0016768,
  "human_date": "2026-03-22 07:31:06"
}