{
  "dolar": 474.0598,
  "euro": 550.89541238,
  "usdt": 642.4,
  "usdt_promedio_compra": 646.38,
  "usdt_promedio_venta": 605.33,
  "timestamp": 1775298155.9870522,
  "human_date": "2026-04-04 10:22:43"
}