{
  "dolar": 484.7404,
  "euro": 567.40318041,
  "usdt": 631.3,
  "usdt_promedio_compra": 636.48,
  "usdt_promedio_venta": 614.46,
  "timestamp": 1777110048.8111558,
  "human_date": "2026-04-25 09:40:53"
}