{
  "dolar": 487.1192,
  "euro": 569.76384347,
  "usdt": 631.75,
  "usdt_promedio_compra": 632.81,
  "usdt_promedio_venta": 624.5,
  "timestamp": 1777572117.1887436,
  "human_date": "2026-04-30 18:02:01"
}