{
  "dolar": 421.8772,
  "euro": 493.53726119,
  "usdt": 622.089,
  "usdt_promedio_compra": 625.17,
  "usdt_promedio_venta": 615.67,
  "timestamp": 1772569296.3784924,
  "human_date": "2026-03-03 20:21:41"
}