{
  "dolar": 425.6741,
  "euro": 491.49182934,
  "usdt": 655.0,
  "usdt_promedio_compra": 657.57,
  "usdt_promedio_venta": 645.2,
  "timestamp": 1772655704.9743042,
  "human_date": "2026-03-04 20:21:49"
}