{
  "dolar": 474.0598,
  "euro": 550.89541238,
  "usdt": 635.0,
  "usdt_promedio_compra": 638.66,
  "usdt_promedio_venta": 624.51,
  "timestamp": 1775305750.0777795,
  "human_date": "2026-04-04 12:29:14"
}