{
  "dolar": 473.8702,
  "euro": 542.63824342,
  "usdt": 660.8,
  "usdt_promedio_compra": 678.44,
  "usdt_promedio_venta": 622.14,
  "timestamp": 1774944027.168202,
  "human_date": "2026-03-31 08:00:31"
}