{
  "dolar": 451.5072,
  "euro": 520.64198246,
  "usdt": 668.4,
  "usdt_promedio_compra": 679.62,
  "usdt_promedio_venta": 618.46,
  "timestamp": 1773822909.77537,
  "human_date": "2026-03-18 08:35:14"
}