{
  "dolar": 481.2177,
  "euro": 568.51540295,
  "usdt": 622.99,
  "usdt_promedio_compra": 625.68,
  "usdt_promedio_venta": 607.83,
  "timestamp": 1776594559.9681468,
  "human_date": "2026-04-19 10:29:24"
}