{
  "dolar": 451.5072,
  "euro": 520.64198246,
  "usdt": 659.499,
  "usdt_promedio_compra": 663.52,
  "usdt_promedio_venta": 646.65,
  "timestamp": 1773837727.810893,
  "human_date": "2026-03-18 12:42:12"
}