{
  "dolar": 438.205,
  "euro": 510.2108456,
  "usdt": 630.8,
  "usdt_promedio_compra": 636.19,
  "usdt_promedio_venta": 625.62,
  "timestamp": 1773247092.5547197,
  "human_date": "2026-03-11 16:38:17"
}