{
  "dolar": 474.0598,
  "euro": 550.89541238,
  "usdt": 651.7,
  "usdt_promedio_compra": 653.57,
  "usdt_promedio_venta": 641.98,
  "timestamp": 1775178915.7159972,
  "human_date": "2026-04-03 01:15:20"
}