{
  "dolar": 425.6741,
  "euro": 491.49182934,
  "usdt": 632.58,
  "usdt_promedio_compra": 644.65,
  "usdt_promedio_venta": 614.74,
  "timestamp": 1772600818.373638,
  "human_date": "2026-03-04 05:07:03"
}