{
  "dolar": 446.8048,
  "euro": 511.22064801,
  "usdt": 631.5,
  "usdt_promedio_compra": 634.44,
  "usdt_promedio_venta": 623.52,
  "timestamp": 1773595066.2054296,
  "human_date": "2026-03-15 17:17:50"
}