{
  "dolar": 483.8695,
  "euro": 566.84344186,
  "usdt": 628.9,
  "usdt_promedio_compra": 630.57,
  "usdt_promedio_venta": 625.5,
  "timestamp": 1777049332.26848,
  "human_date": "2026-04-24 16:48:56"
}