{
  "dolar": 419.9873,
  "euro": 495.60601336,
  "usdt": 603.99,
  "usdt_promedio_compra": 607.6,
  "usdt_promedio_venta": 600.19,
  "timestamp": 1772389094.1277735,
  "human_date": "2026-03-01 18:18:18"
}