{
  "dolar": 477.6259,
  "euro": 559.20917997,
  "usdt": 637.899,
  "usdt_promedio_compra": 639.77,
  "usdt_promedio_venta": 632.18,
  "timestamp": 1776119639.575472,
  "human_date": "2026-04-13 22:34:03"
}