{
  "dolar": 485.2251,
  "euro": 569.29520082,
  "usdt": 646.499,
  "usdt_promedio_compra": 647.16,
  "usdt_promedio_venta": 639.8,
  "timestamp": 1777389321.3580737,
  "human_date": "2026-04-28 15:15:26"
}