{
  "dolar": 481.2177,
  "euro": 568.51540295,
  "usdt": 621.951,
  "usdt_promedio_compra": 623.5,
  "usdt_promedio_venta": 615.71,
  "timestamp": 1776633854.43874,
  "human_date": "2026-04-19 21:24:18"
}