{
  "dolar": 474.0598,
  "euro": 550.89541238,
  "usdt": 629.999,
  "usdt_promedio_compra": 637.86,
  "usdt_promedio_venta": 599.36,
  "timestamp": 1775450076.9512718,
  "human_date": "2026-04-06 04:34:45"
}