{
  "dolar": 471.7004,
  "euro": 543.94131626,
  "usdt": 668.8,
  "usdt_promedio_compra": 675.19,
  "usdt_promedio_venta": 644.8,
  "timestamp": 1774779680.901334,
  "human_date": "2026-03-29 10:21:25"
}