{
  "dolar": 455.2547,
  "euro": 524.50804496,
  "usdt": 665.8,
  "usdt_promedio_compra": 668.58,
  "usdt_promedio_venta": 640.81,
  "timestamp": 1773893470.367088,
  "human_date": "2026-03-19 04:11:14"
}