{
  "dolar": 484.7404,
  "euro": 567.40318041,
  "usdt": 632.998,
  "usdt_promedio_compra": 637.22,
  "usdt_promedio_venta": 612.56,
  "timestamp": 1777191016.4624748,
  "human_date": "2026-04-26 08:10:20"
}