{
  "dolar": 448.3686,
  "euro": 514.97823921,
  "usdt": 654.5,
  "usdt_promedio_compra": 670.29,
  "usdt_promedio_venta": 609.9,
  "timestamp": 1773730212.7833586,
  "human_date": "2026-03-17 06:50:17"
}