{
  "dolar": 474.0598,
  "euro": 550.89541238,
  "usdt": 651.59,
  "usdt_promedio_compra": 656.02,
  "usdt_promedio_venta": 637.7,
  "timestamp": 1775189939.5296159,
  "human_date": "2026-04-03 04:19:03"
}