{
  "dolar": 457.0757,
  "euro": 527.7944523,
  "usdt": 656.999,
  "usdt_promedio_compra": 667.33,
  "usdt_promedio_venta": 619.46,
  "timestamp": 1774074552.125529,
  "human_date": "2026-03-21 06:29:16"
}