{
  "dolar": 438.205,
  "euro": 510.2108456,
  "usdt": 618.989,
  "usdt_promedio_compra": 621.21,
  "usdt_promedio_venta": 612.73,
  "timestamp": 1773180959.0810168,
  "human_date": "2026-03-10 22:16:03"
}