{
  "dolar": 473.9176,
  "euro": 545.94833602,
  "usdt": 651.777,
  "usdt_promedio_compra": 652.67,
  "usdt_promedio_venta": 642.57,
  "timestamp": 1775053418.638203,
  "human_date": "2026-04-01 14:23:43"
}