{
  "dolar": 477.1488,
  "euro": 560.04863251,
  "usdt": 628.0,
  "usdt_promedio_compra": 631.24,
  "usdt_promedio_venta": 613.52,
  "timestamp": 1776078459.3687613,
  "human_date": "2026-04-13 11:07:43"
}