{
  "dolar": 421.8772,
  "euro": 493.53726119,
  "usdt": 621.4,
  "usdt_promedio_compra": 641.07,
  "usdt_promedio_venta": 560.73,
  "timestamp": 1772526465.3418384,
  "human_date": "2026-03-03 08:27:49"
}