{
  "dolar": 473.8702,
  "euro": 542.63824342,
  "usdt": 657.2,
  "usdt_promedio_compra": 659.23,
  "usdt_promedio_venta": 652.32,
  "timestamp": 1774989122.5035946,
  "human_date": "2026-03-31 20:32:07"
}