{
  "dolar": 486.1955,
  "euro": 569.42730764,
  "usdt": 647.0,
  "usdt_promedio_compra": 648.16,
  "usdt_promedio_venta": 640.27,
  "timestamp": 1777427436.6286209,
  "human_date": "2026-04-29 01:50:42"
}