{
  "dolar": 477.1488,
  "euro": 560.04863251,
  "usdt": 629.948,
  "usdt_promedio_compra": 636.26,
  "usdt_promedio_venta": 552.69,
  "timestamp": 1776072291.2437835,
  "human_date": "2026-04-13 09:24:55"
}