{
  "dolar": 455.2547,
  "euro": 524.50804496,
  "usdt": 663.999,
  "usdt_promedio_compra": 665.26,
  "usdt_promedio_venta": 658.23,
  "timestamp": 1773949173.456611,
  "human_date": "2026-03-19 19:39:37"
}