{
  "dolar": 489.5547,
  "euro": 574.19381208,
  "usdt": 642.0,
  "usdt_promedio_compra": 643.69,
  "usdt_promedio_venta": 637.1,
  "timestamp": 1777928999.2061665,
  "human_date": "2026-05-04 21:10:03"
}