{
  "dolar": 457.0757,
  "euro": 527.7944523,
  "usdt": 664.0,
  "usdt_promedio_compra": 668.26,
  "usdt_promedio_venta": 657.76,
  "timestamp": 1774291052.0283697,
  "human_date": "2026-03-23 18:37:36"
}