{
  "dolar": 483.8695,
  "euro": 566.84344186,
  "usdt": 630.2,
  "usdt_promedio_compra": 631.51,
  "usdt_promedio_venta": 625.3,
  "timestamp": 1777040842.8525102,
  "human_date": "2026-04-24 14:27:28"
}