{
  "dolar": 419.9873,
  "euro": 495.60601336,
  "usdt": 605.95,
  "usdt_promedio_compra": 607.14,
  "usdt_promedio_venta": 598.66,
  "timestamp": 1772320333.7477872,
  "human_date": "2026-02-28 23:12:18"
}