{
  "dolar": 425.6741,
  "euro": 491.49182934,
  "usdt": 632.465,
  "usdt_promedio_compra": 635.81,
  "usdt_promedio_venta": 615.64,
  "timestamp": 1772596676.2936604,
  "human_date": "2026-03-04 03:58:01"
}