{
  "dolar": 433.1664,
  "euro": 501.72797779,
  "usdt": 617.68,
  "usdt_promedio_compra": 623.96,
  "usdt_promedio_venta": 602.21,
  "timestamp": 1772878396.1199405,
  "human_date": "2026-03-07 10:13:20"
}