{
  "dolar": 419.9873,
  "euro": 495.60601336,
  "usdt": 606.99,
  "usdt_promedio_compra": 609.18,
  "usdt_promedio_venta": 600.65,
  "timestamp": 1772399555.180125,
  "human_date": "2026-03-01 21:12:40"
}