{
  "dolar": 475.0083,
  "euro": 549.69860509,
  "usdt": 639.0,
  "usdt_promedio_compra": 642.43,
  "usdt_promedio_venta": 631.4,
  "timestamp": 1775604471.7852972,
  "human_date": "2026-04-07 23:27:56"
}