{
  "dolar": 433.1664,
  "euro": 501.72797779,
  "usdt": 610.98,
  "usdt_promedio_compra": 615.32,
  "usdt_promedio_venta": 601.97,
  "timestamp": 1773007959.7305455,
  "human_date": "2026-03-08 22:12:44"
}