{
  "dolar": 484.7404,
  "euro": 567.40318041,
  "usdt": 631.5,
  "usdt_promedio_compra": 632.45,
  "usdt_promedio_venta": 626.36,
  "timestamp": 1777148776.3369138,
  "human_date": "2026-04-25 20:26:20"
}