{
  "dolar": 489.5547,
  "euro": 574.19381208,
  "usdt": 633.9,
  "usdt_promedio_compra": 635.17,
  "usdt_promedio_venta": 628.36,
  "timestamp": 1777673564.485397,
  "human_date": "2026-05-01 22:12:49"
}