{
  "dolar": 477.1488,
  "euro": 560.04863251,
  "usdt": 639.79,
  "usdt_promedio_compra": 679.98,
  "usdt_promedio_venta": 604.22,
  "timestamp": 1775886786.5199664,
  "human_date": "2026-04-11 05:53:10"
}