{
  "dolar": 474.0598,
  "euro": 550.89541238,
  "usdt": 627.0,
  "usdt_promedio_compra": 630.02,
  "usdt_promedio_venta": 619.0,
  "timestamp": 1775406177.9903388,
  "human_date": "2026-04-05 16:23:06"
}