{
  "dolar": 440.9657,
  "euro": 510.48835226,
  "usdt": 623.5,
  "usdt_promedio_compra": 625.28,
  "usdt_promedio_venta": 615.61,
  "timestamp": 1773326399.8269572,
  "human_date": "2026-03-12 14:40:04"
}