{
  "dolar": 474.0598,
  "euro": 550.89541238,
  "usdt": 627.447,
  "usdt_promedio_compra": 630.68,
  "usdt_promedio_venta": 621.22,
  "timestamp": 1775402474.9511096,
  "human_date": "2026-04-05 15:21:19"
}