{
  "dolar": 433.1664,
  "euro": 501.72797779,
  "usdt": 615.5,
  "usdt_promedio_compra": 618.37,
  "usdt_promedio_venta": 608.74,
  "timestamp": 1773077944.0476024,
  "human_date": "2026-03-09 17:39:08"
}