{
  "dolar": 457.0757,
  "euro": 527.7944523,
  "usdt": 654.9,
  "usdt_promedio_compra": 657.98,
  "usdt_promedio_venta": 642.77,
  "timestamp": 1774186585.3195868,
  "human_date": "2026-03-22 13:36:29"
}