{
  "dolar": 436.2419,
  "euro": 505.41677808,
  "usdt": 614.4,
  "usdt_promedio_compra": 617.41,
  "usdt_promedio_venta": 610.42,
  "timestamp": 1773167634.8423793,
  "human_date": "2026-03-10 18:33:59"
}