{
  "dolar": 473.9176,
  "euro": 545.94833602,
  "usdt": 656.0,
  "usdt_promedio_compra": 660.59,
  "usdt_promedio_venta": 638.42,
  "timestamp": 1775040621.7425978,
  "human_date": "2026-04-01 10:50:26"
}