{
  "dolar": 489.5547,
  "euro": 574.19381208,
  "usdt": 633.3,
  "usdt_promedio_compra": 640.6,
  "usdt_promedio_venta": 618.19,
  "timestamp": 1777613575.8902347,
  "human_date": "2026-05-01 05:33:00"
}