{
  "dolar": 419.9873,
  "euro": 495.60601336,
  "usdt": 615.0,
  "usdt_promedio_compra": 664.8,
  "usdt_promedio_venta": 558.3,
  "timestamp": 1772433724.2201488,
  "human_date": "2026-03-02 06:42:09"
}