{
  "dolar": 477.6259,
  "euro": 559.20917997,
  "usdt": 637.0,
  "usdt_promedio_compra": 639.87,
  "usdt_promedio_venta": 633.33,
  "timestamp": 1776116257.565365,
  "human_date": "2026-04-13 21:37:41"
}