{
  "dolar": 446.8048,
  "euro": 511.22064801,
  "usdt": 627.0,
  "usdt_promedio_compra": 628.56,
  "usdt_promedio_venta": 617.73,
  "timestamp": 1773450240.7405345,
  "human_date": "2026-03-14 01:04:05"
}