{
  "dolar": 477.1488,
  "euro": 560.04863251,
  "usdt": 634.898,
  "usdt_promedio_compra": 636.08,
  "usdt_promedio_venta": 626.66,
  "timestamp": 1775942526.5122752,
  "human_date": "2026-04-11 21:22:11"
}