{
  "dolar": 473.8702,
  "euro": 542.63824342,
  "usdt": 660.8,
  "usdt_promedio_compra": 675.18,
  "usdt_promedio_venta": 627.82,
  "timestamp": 1774937355.8210015,
  "human_date": "2026-03-31 06:09:20"
}