{
  "dolar": 474.5338,
  "euro": 547.55980648,
  "usdt": 636.333,
  "usdt_promedio_compra": 638.94,
  "usdt_promedio_venta": 627.69,
  "timestamp": 1775524546.637428,
  "human_date": "2026-04-07 01:15:51"
}