{
  "dolar": 419.9873,
  "euro": 495.60601336,
  "usdt": 607.2,
  "usdt_promedio_compra": 608.93,
  "usdt_promedio_venta": 599.8,
  "timestamp": 1772374487.9990282,
  "human_date": "2026-03-01 14:14:52"
}