{
  "dolar": 481.2177,
  "euro": 568.51540295,
  "usdt": 623.999,
  "usdt_promedio_compra": 627.07,
  "usdt_promedio_venta": 593.63,
  "timestamp": 1776588880.826515,
  "human_date": "2026-04-19 08:54:45"
}