{
  "dolar": 462.6687,
  "euro": 536.09422269,
  "usdt": 665.0,
  "usdt_promedio_compra": 669.68,
  "usdt_promedio_venta": 660.02,
  "timestamp": 1774394462.4032688,
  "human_date": "2026-03-24 23:21:06"
}