{
  "dolar": 427.9302,
  "euro": 497.42178517,
  "usdt": 630.0,
  "usdt_promedio_compra": 632.32,
  "usdt_promedio_venta": 623.71,
  "timestamp": 1772718833.0557039,
  "human_date": "2026-03-05 13:53:57"
}