{
  "dolar": 474.0598,
  "euro": 550.89541238,
  "usdt": 633.998,
  "usdt_promedio_compra": 650.63,
  "usdt_promedio_venta": 597.56,
  "timestamp": 1775377856.7735891,
  "human_date": "2026-04-05 08:31:05"
}