{
  "dolar": 419.9873,
  "euro": 495.60601336,
  "usdt": 607.6,
  "usdt_promedio_compra": 608.76,
  "usdt_promedio_venta": 602.45,
  "timestamp": 1772313048.2114267,
  "human_date": "2026-02-28 21:10:52"
}