{
  "dolar": 440.9657,
  "euro": 510.48835226,
  "usdt": 622.52,
  "usdt_promedio_compra": 626.53,
  "usdt_promedio_venta": 618.41,
  "timestamp": 1773334028.458993,
  "human_date": "2026-03-12 16:47:13"
}