{
  "dolar": 475.0083,
  "euro": 549.69860509,
  "usdt": 637.897,
  "usdt_promedio_compra": 639.79,
  "usdt_promedio_venta": 635.01,
  "timestamp": 1775683969.1652226,
  "human_date": "2026-04-08 21:32:53"
}