{
  "dolar": 457.0757,
  "euro": 527.7944523,
  "usdt": 656.97,
  "usdt_promedio_compra": 658.99,
  "usdt_promedio_venta": 636.58,
  "timestamp": 1774262520.3406355,
  "human_date": "2026-03-23 10:42:04"
}