{
  "dolar": 457.0757,
  "euro": 527.7944523,
  "usdt": 667.25,
  "usdt_promedio_compra": 669.49,
  "usdt_promedio_venta": 659.54,
  "timestamp": 1774294782.096503,
  "human_date": "2026-03-23 19:39:47"
}