{
  "dolar": 483.8695,
  "euro": 566.84344186,
  "usdt": 631.0,
  "usdt_promedio_compra": 633.08,
  "usdt_promedio_venta": 625.88,
  "timestamp": 1776993862.1897275,
  "human_date": "2026-04-24 01:24:27"
}