{
  "dolar": 471.7004,
  "euro": 543.94131626,
  "usdt": 668.299,
  "usdt_promedio_compra": 670.7,
  "usdt_promedio_venta": 662.97,
  "timestamp": 1774732765.99217,
  "human_date": "2026-03-28 21:19:30"
}