{
  "dolar": 462.6687,
  "euro": 536.09422269,
  "usdt": 677.0,
  "usdt_promedio_compra": 679.11,
  "usdt_promedio_venta": 666.77,
  "timestamp": 1774454300.693011,
  "human_date": "2026-03-25 15:58:25"
}