{
  "dolar": 475.0083,
  "euro": 549.69860509,
  "usdt": 632.0,
  "usdt_promedio_compra": 633.62,
  "usdt_promedio_venta": 624.82,
  "timestamp": 1775671004.6783383,
  "human_date": "2026-04-08 17:56:48"
}