{
  "dolar": 459.4525,
  "euro": 533.45651417,
  "usdt": 657.4,
  "usdt_promedio_compra": 659.83,
  "usdt_promedio_venta": 651.61,
  "timestamp": 1774374366.6341734,
  "human_date": "2026-03-24 17:46:11"
}