{
  "dolar": 421.8772,
  "euro": 493.53726119,
  "usdt": 617.4,
  "usdt_promedio_compra": 619.92,
  "usdt_promedio_venta": 611.38,
  "timestamp": 1772500024.822443,
  "human_date": "2026-03-03 01:07:09"
}