{
  "dolar": 480.2572,
  "euro": 565.41160413,
  "usdt": 621.75,
  "usdt_promedio_compra": 623.8,
  "usdt_promedio_venta": 615.31,
  "timestamp": 1776435301.0708892,
  "human_date": "2026-04-17 14:15:05"
}