{
  "dolar": 476.4342,
  "euro": 556.66095493,
  "usdt": 635.977,
  "usdt_promedio_compra": 637.81,
  "usdt_promedio_venta": 628.7,
  "timestamp": 1775777361.3086655,
  "human_date": "2026-04-09 23:29:26"
}