{
  "dolar": 474.0598,
  "euro": 550.89541238,
  "usdt": 636.95,
  "usdt_promedio_compra": 639.44,
  "usdt_promedio_venta": 628.36,
  "timestamp": 1775493260.9690137,
  "human_date": "2026-04-06 16:34:25"
}