{
  "dolar": 455.2547,
  "euro": 524.50804496,
  "usdt": 649.8,
  "usdt_promedio_compra": 656.41,
  "usdt_promedio_venta": 638.51,
  "timestamp": 1774020766.153535,
  "human_date": "2026-03-20 15:32:51"
}