{
  "dolar": 474.0598,
  "euro": 550.89541238,
  "usdt": 630.0,
  "usdt_promedio_compra": 632.42,
  "usdt_promedio_venta": 625.11,
  "timestamp": 1775420390.6216311,
  "human_date": "2026-04-05 20:19:55"
}