{
  "dolar": 457.0757,
  "euro": 527.7944523,
  "usdt": 656.3,
  "usdt_promedio_compra": 658.37,
  "usdt_promedio_venta": 650.24,
  "timestamp": 1774199780.3962872,
  "human_date": "2026-03-22 17:16:24"
}