{
  "dolar": 448.3686,
  "euro": 514.97823921,
  "usdt": 651.0,
  "usdt_promedio_compra": 653.1,
  "usdt_promedio_venta": 644.67,
  "timestamp": 1773699731.524056,
  "human_date": "2026-03-16 22:22:16"
}