{
  "dolar": 481.2177,
  "euro": 568.51540295,
  "usdt": 621.6,
  "usdt_promedio_compra": 623.33,
  "usdt_promedio_venta": 616.15,
  "timestamp": 1776648266.8861732,
  "human_date": "2026-04-20 01:24:31"
}