{
  "dolar": 425.6741,
  "euro": 491.49182934,
  "usdt": 632.58,
  "usdt_promedio_compra": 647.03,
  "usdt_promedio_venta": 613.27,
  "timestamp": 1772609456.460872,
  "human_date": "2026-03-04 07:31:01"
}