{
  "dolar": 419.9873,
  "euro": 495.60601336,
  "usdt": 605.8,
  "usdt_promedio_compra": 607.39,
  "usdt_promedio_venta": 600.27,
  "timestamp": 1772392502.4455354,
  "human_date": "2026-03-01 19:15:06"
}