{
  "dolar": 474.0598,
  "euro": 550.89541238,
  "usdt": 633.998,
  "usdt_promedio_compra": 647.62,
  "usdt_promedio_venta": 598.47,
  "timestamp": 1775369264.7643182,
  "human_date": "2026-04-05 06:07:53"
}