{
  "dolar": 484.7404,
  "euro": 567.40318041,
  "usdt": 631.9,
  "usdt_promedio_compra": 632.41,
  "usdt_promedio_venta": 626.97,
  "timestamp": 1777238836.5199513,
  "human_date": "2026-04-26 21:27:20"
}