{
  "dolar": 481.6989,
  "euro": 567.58099688,
  "usdt": 628.987,
  "usdt_promedio_compra": 631.25,
  "usdt_promedio_venta": 622.86,
  "timestamp": 1776787381.9206178,
  "human_date": "2026-04-21 16:03:06"
}