{
  "dolar": 483.8695,
  "euro": 566.84344186,
  "usdt": 627.95,
  "usdt_promedio_compra": 629.67,
  "usdt_promedio_venta": 623.68,
  "timestamp": 1777046225.2283256,
  "human_date": "2026-04-24 15:57:09"
}