{
  "dolar": 468.5145,
  "euro": 541.19046924,
  "usdt": 662.999,
  "usdt_promedio_compra": 665.76,
  "usdt_promedio_venta": 653.89,
  "timestamp": 1774611216.3720999,
  "human_date": "2026-03-27 11:33:40"
}