{
  "dolar": 440.9657,
  "euro": 510.48835226,
  "usdt": 627.5,
  "usdt_promedio_compra": 629.19,
  "usdt_promedio_venta": 621.55,
  "timestamp": 1773350558.4505649,
  "human_date": "2026-03-12 21:22:42"
}