{
  "dolar": 482.7586,
  "euro": 567.70963084,
  "usdt": 624.9,
  "usdt_promedio_compra": 626.42,
  "usdt_promedio_venta": 619.17,
  "timestamp": 1776873671.1695237,
  "human_date": "2026-04-22 16:01:15"
}