{
  "dolar": 476.4342,
  "euro": 556.66095493,
  "usdt": 636.6,
  "usdt_promedio_compra": 639.98,
  "usdt_promedio_venta": 614.38,
  "timestamp": 1775815135.1161802,
  "human_date": "2026-04-10 09:58:59"
}