{
  "dolar": 471.7004,
  "euro": 543.94131626,
  "usdt": 665.89,
  "usdt_promedio_compra": 667.49,
  "usdt_promedio_venta": 658.48,
  "timestamp": 1774660071.3715775,
  "human_date": "2026-03-28 01:07:56"
}