{
  "dolar": 436.2419,
  "euro": 505.41677808,
  "usdt": 615.48,
  "usdt_promedio_compra": 620.09,
  "usdt_promedio_venta": 610.5,
  "timestamp": 1773157786.1296546,
  "human_date": "2026-03-10 15:49:50"
}