{
  "dolar": 477.1488,
  "euro": 560.04863251,
  "usdt": 629.948,
  "usdt_promedio_compra": 634.57,
  "usdt_promedio_venta": 577.49,
  "timestamp": 1776055721.7338426,
  "human_date": "2026-04-13 04:48:46"
}