{
  "dolar": 443.2587,
  "euro": 510.34147165,
  "usdt": 624.35,
  "usdt_promedio_compra": 626.02,
  "usdt_promedio_venta": 619.75,
  "timestamp": 1773433281.6754398,
  "human_date": "2026-03-13 20:21:26"
}