{
  "dolar": 477.1488,
  "euro": 560.04863251,
  "usdt": 632.99,
  "usdt_promedio_compra": 639.38,
  "usdt_promedio_venta": 569.47,
  "timestamp": 1775986537.3023424,
  "human_date": "2026-04-12 09:35:41"
}