{
  "dolar": 484.7404,
  "euro": 567.40318041,
  "usdt": 632.0,
  "usdt_promedio_compra": 633.32,
  "usdt_promedio_venta": 627.41,
  "timestamp": 1777138159.9831474,
  "human_date": "2026-04-25 17:29:24"
}