{
  "dolar": 440.9657,
  "euro": 510.48835226,
  "usdt": 628.2,
  "usdt_promedio_compra": 631.2,
  "usdt_promedio_venta": 621.52,
  "timestamp": 1773267462.0799806,
  "human_date": "2026-03-11 22:17:46"
}