{
  "dolar": 425.6741,
  "euro": 491.49182934,
  "usdt": 637.2,
  "usdt_promedio_compra": 639.25,
  "usdt_promedio_venta": 626.38,
  "timestamp": 1772638125.8391876,
  "human_date": "2026-03-04 15:28:50"
}