{
  "dolar": 474.0598,
  "euro": 550.89541238,
  "usdt": 648.799,
  "usdt_promedio_compra": 649.93,
  "usdt_promedio_venta": 639.04,
  "timestamp": 1775233612.8505197,
  "human_date": "2026-04-03 16:26:57"
}