{
  "dolar": 462.6687,
  "euro": 536.09422269,
  "usdt": 670.0,
  "usdt_promedio_compra": 676.97,
  "usdt_promedio_venta": 638.95,
  "timestamp": 1774424680.6241927,
  "human_date": "2026-03-25 07:44:45"
}