{
  "dolar": 481.2177,
  "euro": 568.51540295,
  "usdt": 623.99,
  "usdt_promedio_compra": 627.06,
  "usdt_promedio_venta": 606.37,
  "timestamp": 1776591435.4450965,
  "human_date": "2026-04-19 09:37:20"
}