{
  "dolar": 433.1664,
  "euro": 501.72797779,
  "usdt": 606.35,
  "usdt_promedio_compra": 608.05,
  "usdt_promedio_venta": 600.32,
  "timestamp": 1772982782.3159533,
  "human_date": "2026-03-08 15:13:26"
}