{
  "dolar": 473.9176,
  "euro": 545.94833602,
  "usdt": 653.877,
  "usdt_promedio_compra": 656.02,
  "usdt_promedio_venta": 645.24,
  "timestamp": 1775047891.0158389,
  "human_date": "2026-04-01 12:51:35"
}