{
  "dolar": 489.5547,
  "euro": 574.19381208,
  "usdt": 633.92,
  "usdt_promedio_compra": 639.76,
  "usdt_promedio_venta": 607.85,
  "timestamp": 1777711764.6596797,
  "human_date": "2026-05-02 08:49:29"
}