{
  "dolar": 459.4525,
  "euro": 533.45651417,
  "usdt": 654.6,
  "usdt_promedio_compra": 657.39,
  "usdt_promedio_venta": 647.16,
  "timestamp": 1774371001.2926834,
  "human_date": "2026-03-24 16:50:05"
}