{
  "dolar": 483.3379,
  "euro": 567.01335724,
  "usdt": 628.2,
  "usdt_promedio_compra": 630.19,
  "usdt_promedio_venta": 623.33,
  "timestamp": 1776964074.610369,
  "human_date": "2026-04-23 17:07:59"
}