{
  "dolar": 471.7004,
  "euro": 543.94131626,
  "usdt": 668.15,
  "usdt_promedio_compra": 669.9,
  "usdt_promedio_venta": 662.31,
  "timestamp": 1774812248.3514855,
  "human_date": "2026-03-29 19:24:12"
}