{
  "dolar": 433.1664,
  "euro": 501.72797779,
  "usdt": 618.8,
  "usdt_promedio_compra": 621.47,
  "usdt_promedio_venta": 602.35,
  "timestamp": 1772855426.1122706,
  "human_date": "2026-03-07 03:50:30"
}