{
  "dolar": 446.8048,
  "euro": 511.22064801,
  "usdt": 648.8,
  "usdt_promedio_compra": 652.65,
  "usdt_promedio_venta": 644.6,
  "timestamp": 1773690317.4871418,
  "human_date": "2026-03-16 19:45:21"
}