{
  "dolar": 446.8048,
  "euro": 511.22064801,
  "usdt": 637.9,
  "usdt_promedio_compra": 640.72,
  "usdt_promedio_venta": 633.77,
  "timestamp": 1773676455.2695868,
  "human_date": "2026-03-16 15:54:20"
}