{
  "dolar": 484.7404,
  "euro": 567.40318041,
  "usdt": 631.49,
  "usdt_promedio_compra": 632.49,
  "usdt_promedio_venta": 626.87,
  "timestamp": 1777155833.9125779,
  "human_date": "2026-04-25 22:23:58"
}