{
  "dolar": 455.2547,
  "euro": 524.50804496,
  "usdt": 662.7,
  "usdt_promedio_compra": 663.37,
  "usdt_promedio_venta": 656.07,
  "timestamp": 1773962368.2632835,
  "human_date": "2026-03-19 23:19:32"
}