{
  "dolar": 481.2177,
  "euro": 568.51540295,
  "usdt": 622.99,
  "usdt_promedio_compra": 624.35,
  "usdt_promedio_venta": 617.75,
  "timestamp": 1776609184.2938573,
  "human_date": "2026-04-19 14:33:08"
}