{
  "dolar": 474.5338,
  "euro": 547.55980648,
  "usdt": 637.5,
  "usdt_promedio_compra": 638.87,
  "usdt_promedio_venta": 630.2,
  "timestamp": 1775591323.1376534,
  "human_date": "2026-04-07 19:48:54"
}