{
  "dolar": 477.1488,
  "euro": 560.04863251,
  "usdt": 639.79,
  "usdt_promedio_compra": 648.48,
  "usdt_promedio_venta": 603.9,
  "timestamp": 1775890012.7500455,
  "human_date": "2026-04-11 06:46:57"
}