{
  "dolar": 479.7775,
  "euro": 565.9839212,
  "usdt": 625.4,
  "usdt_promedio_compra": 634.03,
  "usdt_promedio_venta": 572.08,
  "timestamp": 1776320841.3558612,
  "human_date": "2026-04-16 06:27:25"
}