{
  "dolar": 486.1955,
  "euro": 569.42730764,
  "usdt": 647.4,
  "usdt_promedio_compra": 648.4,
  "usdt_promedio_venta": 640.83,
  "timestamp": 1777489568.8756676,
  "human_date": "2026-04-29 19:06:13"
}