{
  "dolar": 436.2419,
  "euro": 505.41677808,
  "usdt": 623.9,
  "usdt_promedio_compra": 651.45,
  "usdt_promedio_venta": 580.74,
  "timestamp": 1773127972.0233407,
  "human_date": "2026-03-10 07:32:56"
}