{
  "dolar": 455.2547,
  "euro": 524.50804496,
  "usdt": 663.2,
  "usdt_promedio_compra": 664.5,
  "usdt_promedio_venta": 657.25,
  "timestamp": 1773945596.7106001,
  "human_date": "2026-03-19 18:40:01"
}