{
  "dolar": 419.9873,
  "euro": 495.60601336,
  "usdt": 611.99,
  "usdt_promedio_compra": 645.84,
  "usdt_promedio_venta": 589.84,
  "timestamp": 1772424168.9502325,
  "human_date": "2026-03-02 04:02:53"
}