{
  "dolar": 419.9873,
  "euro": 495.60601336,
  "usdt": 616.9,
  "usdt_promedio_compra": 618.63,
  "usdt_promedio_venta": 607.04,
  "timestamp": 1772486552.9220943,
  "human_date": "2026-03-02 21:22:37"
}