{
  "dolar": 462.6687,
  "euro": 536.09422269,
  "usdt": 679.0,
  "usdt_promedio_compra": 682.07,
  "usdt_promedio_venta": 671.42,
  "timestamp": 1774467647.5782318,
  "human_date": "2026-03-25 19:40:52"
}