{
  "dolar": 433.1664,
  "euro": 501.72797779,
  "usdt": 608.5,
  "usdt_promedio_compra": 613.97,
  "usdt_promedio_venta": 578.15,
  "timestamp": 1772964864.5266488,
  "human_date": "2026-03-08 10:14:29"
}