{
  "dolar": 433.1664,
  "euro": 501.72797779,
  "usdt": 612.0,
  "usdt_promedio_compra": 614.99,
  "usdt_promedio_venta": 601.71,
  "timestamp": 1773059643.032371,
  "human_date": "2026-03-09 12:34:26"
}