{
  "dolar": 489.5547,
  "euro": 574.19381208,
  "usdt": 633.3,
  "usdt_promedio_compra": 634.53,
  "usdt_promedio_venta": 626.1,
  "timestamp": 1777684355.4542189,
  "human_date": "2026-05-02 01:12:39"
}