{
  "dolar": 477.1488,
  "euro": 560.04863251,
  "usdt": 637.1,
  "usdt_promedio_compra": 637.84,
  "usdt_promedio_venta": 630.44,
  "timestamp": 1775932030.7640018,
  "human_date": "2026-04-11 18:27:15"
}