{
  "dolar": 478.5811,
  "euro": 564.97934598,
  "usdt": 628.0,
  "usdt_promedio_compra": 630.42,
  "usdt_promedio_venta": 620.06,
  "timestamp": 1776263181.5528164,
  "human_date": "2026-04-15 14:26:26"
}