{
  "dolar": 489.5547,
  "euro": 574.19381208,
  "usdt": 633.92,
  "usdt_promedio_compra": 635.77,
  "usdt_promedio_venta": 624.8,
  "timestamp": 1777696880.9320865,
  "human_date": "2026-05-02 04:41:25"
}