{
  "dolar": 446.8048,
  "euro": 511.22064801,
  "usdt": 624.5,
  "usdt_promedio_compra": 625.85,
  "usdt_promedio_venta": 618.55,
  "timestamp": 1773505078.71123,
  "human_date": "2026-03-14 16:18:03"
}