{
  "dolar": 481.2177,
  "euro": 568.51540295,
  "usdt": 633.5,
  "usdt_promedio_compra": 635.84,
  "usdt_promedio_venta": 628.42,
  "timestamp": 1776717275.449568,
  "human_date": "2026-04-20 20:34:39"
}