{
  "dolar": 474.0598,
  "euro": 550.89541238,
  "usdt": 648.597,
  "usdt_promedio_compra": 652.2,
  "usdt_promedio_venta": 639.41,
  "timestamp": 1775219816.1584647,
  "human_date": "2026-04-03 12:37:01"
}