{
  "dolar": 427.9302,
  "euro": 497.42178517,
  "usdt": 635.999,
  "usdt_promedio_compra": 637.98,
  "usdt_promedio_venta": 629.92,
  "timestamp": 1772742427.8007348,
  "human_date": "2026-03-05 20:27:12"
}