{
  "dolar": 459.4525,
  "euro": 533.45651417,
  "usdt": 662.7,
  "usdt_promedio_compra": 670.92,
  "usdt_promedio_venta": 622.16,
  "timestamp": 1774335052.528744,
  "human_date": "2026-03-24 06:50:56"
}