{
  "dolar": 451.5072,
  "euro": 520.64198246,
  "usdt": 664.0,
  "usdt_promedio_compra": 666.35,
  "usdt_promedio_venta": 654.49,
  "timestamp": 1773853206.0060852,
  "human_date": "2026-03-18 17:00:10"
}