{
  "dolar": 489.5547,
  "euro": 574.19381208,
  "usdt": 633.49,
  "usdt_promedio_compra": 635.51,
  "usdt_promedio_venta": 627.92,
  "timestamp": 1777650259.5838385,
  "human_date": "2026-05-01 15:44:24"
}