{
  "dolar": 474.0598,
  "euro": 550.89541238,
  "usdt": 644.9,
  "usdt_promedio_compra": 646.25,
  "usdt_promedio_venta": 637.89,
  "timestamp": 1775251366.354343,
  "human_date": "2026-04-03 21:22:50"
}