{
  "dolar": 451.5072,
  "euro": 520.64198246,
  "usdt": 667.79,
  "usdt_promedio_compra": 669.68,
  "usdt_promedio_venta": 657.59,
  "timestamp": 1773789686.356297,
  "human_date": "2026-03-17 23:21:30"
}