{
  "dolar": 474.5338,
  "euro": 547.55980648,
  "usdt": 637.4,
  "usdt_promedio_compra": 640.78,
  "usdt_promedio_venta": 614.41,
  "timestamp": 1775555819.0309563,
  "human_date": "2026-04-07 09:57:03"
}