{
  "dolar": 446.8048,
  "euro": 511.22064801,
  "usdt": 634.0,
  "usdt_promedio_compra": 636.11,
  "usdt_promedio_venta": 626.13,
  "timestamp": 1773664995.959274,
  "human_date": "2026-03-16 12:43:20"
}