{
  "dolar": 446.8048,
  "euro": 511.22064801,
  "usdt": 624.5,
  "usdt_promedio_compra": 626.19,
  "usdt_promedio_venta": 620.4,
  "timestamp": 1773501410.9142685,
  "human_date": "2026-03-14 15:16:55"
}