{
  "dolar": 436.2419,
  "euro": 505.41677808,
  "usdt": 618.5,
  "usdt_promedio_compra": 620.33,
  "usdt_promedio_venta": 610.44,
  "timestamp": 1773164244.0768037,
  "human_date": "2026-03-10 17:37:28"
}