{
  "dolar": 427.9302,
  "euro": 497.42178517,
  "usdt": 639.95,
  "usdt_promedio_compra": 647.36,
  "usdt_promedio_venta": 608.15,
  "timestamp": 1772689179.1788878,
  "human_date": "2026-03-05 05:39:43"
}