{
  "dolar": 484.7404,
  "euro": 567.40318041,
  "usdt": 631.7,
  "usdt_promedio_compra": 634.45,
  "usdt_promedio_venta": 614.53,
  "timestamp": 1777284224.589572,
  "human_date": "2026-04-27 10:03:48"
}