{
  "dolar": 473.9176,
  "euro": 545.94833602,
  "usdt": 652.8,
  "usdt_promedio_compra": 654.78,
  "usdt_promedio_venta": 647.09,
  "timestamp": 1775073049.4759886,
  "human_date": "2026-04-01 19:50:53"
}