{
  "dolar": 484.7404,
  "euro": 567.40318041,
  "usdt": 632.0,
  "usdt_promedio_compra": 633.38,
  "usdt_promedio_venta": 626.79,
  "timestamp": 1777214372.3074088,
  "human_date": "2026-04-26 14:39:36"
}