{
  "dolar": 446.8048,
  "euro": 511.22064801,
  "usdt": 627.2,
  "usdt_promedio_compra": 629.5,
  "usdt_promedio_venta": 613.02,
  "timestamp": 1773460814.2160964,
  "human_date": "2026-03-14 04:00:18"
}