{
  "dolar": 425.6741,
  "euro": 491.49182934,
  "usdt": 628.995,
  "usdt_promedio_compra": 631.26,
  "usdt_promedio_venta": 620.95,
  "timestamp": 1772579760.6137533,
  "human_date": "2026-03-03 23:16:04"
}