{
  "dolar": 427.9302,
  "euro": 497.42178517,
  "usdt": 642.0,
  "usdt_promedio_compra": 649.47,
  "usdt_promedio_venta": 599.98,
  "timestamp": 1772696094.1718433,
  "human_date": "2026-03-05 07:34:58"
}