{
  "dolar": 475.9583,
  "euro": 556.51900185,
  "usdt": 636.0,
  "usdt_promedio_compra": 638.95,
  "usdt_promedio_venta": 629.5,
  "timestamp": 1775767241.1133108,
  "human_date": "2026-04-09 20:40:45"
}