{
  "dolar": 419.9873,
  "euro": 495.60601336,
  "usdt": 616.5,
  "usdt_promedio_compra": 619.13,
  "usdt_promedio_venta": 610.62,
  "timestamp": 1772490041.7351978,
  "human_date": "2026-03-02 22:20:46"
}