{
  "dolar": 473.8702,
  "euro": 542.63824342,
  "usdt": 660.0,
  "usdt_promedio_compra": 666.79,
  "usdt_promedio_venta": 642.91,
  "timestamp": 1774953771.1358018,
  "human_date": "2026-03-31 10:42:55"
}