{
  "dolar": 477.1488,
  "euro": 560.04863251,
  "usdt": 638.78,
  "usdt_promedio_compra": 641.99,
  "usdt_promedio_venta": 626.24,
  "timestamp": 1775880591.5611422,
  "human_date": "2026-04-11 04:09:55"
}