{
  "dolar": 451.5072,
  "euro": 520.64198246,
  "usdt": 659.7,
  "usdt_promedio_compra": 662.49,
  "usdt_promedio_venta": 653.09,
  "timestamp": 1773843236.378239,
  "human_date": "2026-03-18 14:14:01"
}