{
  "dolar": 482.7586,
  "euro": 567.70963084,
  "usdt": 627.99,
  "usdt_promedio_compra": 629.47,
  "usdt_promedio_venta": 622.19,
  "timestamp": 1776869022.5802114,
  "human_date": "2026-04-22 14:43:46"
}