{
  "dolar": 448.3686,
  "euro": 514.97823921,
  "usdt": 653.897,
  "usdt_promedio_compra": 659.25,
  "usdt_promedio_venta": 626.34,
  "timestamp": 1773743950.3129132,
  "human_date": "2026-03-17 10:39:15"
}