{
  "dolar": 457.0757,
  "euro": 527.7944523,
  "usdt": 656.8,
  "usdt_promedio_compra": 659.21,
  "usdt_promedio_venta": 650.2,
  "timestamp": 1774117224.6435585,
  "human_date": "2026-03-21 18:20:28"
}