{
  "dolar": 462.6687,
  "euro": 536.09422269,
  "usdt": 668.188,
  "usdt_promedio_compra": 673.02,
  "usdt_promedio_venta": 656.23,
  "timestamp": 1774411721.2261302,
  "human_date": "2026-03-25 04:08:45"
}