{
  "dolar": 457.0757,
  "euro": 527.7944523,
  "usdt": 660.8,
  "usdt_promedio_compra": 663.9,
  "usdt_promedio_venta": 651.27,
  "timestamp": 1774297637.3250258,
  "human_date": "2026-03-23 20:27:21"
}