{
  "dolar": 448.3686,
  "euro": 514.97823921,
  "usdt": 663.7,
  "usdt_promedio_compra": 667.45,
  "usdt_promedio_venta": 655.3,
  "timestamp": 1773773081.9178016,
  "human_date": "2026-03-17 18:44:46"
}