{
  "dolar": 481.2177,
  "euro": 568.51540295,
  "usdt": 622.0,
  "usdt_promedio_compra": 623.54,
  "usdt_promedio_venta": 615.33,
  "timestamp": 1776637374.6927838,
  "human_date": "2026-04-19 22:22:59"
}