{
  "dolar": 471.7004,
  "euro": 543.94131626,
  "usdt": 652.0,
  "usdt_promedio_compra": 657.4,
  "usdt_promedio_venta": 634.13,
  "timestamp": 1774875044.094703,
  "human_date": "2026-03-30 12:50:48"
}