{
  "dolar": 433.1664,
  "euro": 501.72797779,
  "usdt": 604.997,
  "usdt_promedio_compra": 608.27,
  "usdt_promedio_venta": 597.72,
  "timestamp": 1772976780.7417166,
  "human_date": "2026-03-08 13:33:20"
}