{
  "dolar": 459.4525,
  "euro": 533.45651417,
  "usdt": 657.0,
  "usdt_promedio_compra": 660.9,
  "usdt_promedio_venta": 646.08,
  "timestamp": 1774352209.5527775,
  "human_date": "2026-03-24 11:36:53"
}