{
  "dolar": 480.2572,
  "euro": 565.41160413,
  "usdt": 624.989,
  "usdt_promedio_compra": 626.06,
  "usdt_promedio_venta": 617.05,
  "timestamp": 1776378533.0465496,
  "human_date": "2026-04-16 22:28:57"
}