{
  "dolar": 433.1664,
  "euro": 501.72797779,
  "usdt": 619.5,
  "usdt_promedio_compra": 644.63,
  "usdt_promedio_venta": 584.36,
  "timestamp": 1773049002.9442458,
  "human_date": "2026-03-09 09:36:47"
}