{
  "dolar": 482.7586,
  "euro": 567.70963084,
  "usdt": 629.45,
  "usdt_promedio_compra": 630.6,
  "usdt_promedio_venta": 623.09,
  "timestamp": 1776810582.6725333,
  "human_date": "2026-04-21 22:29:47"
}