{
  "dolar": 448.3686,
  "euro": 514.97823921,
  "usdt": 654.5,
  "usdt_promedio_compra": 670.72,
  "usdt_promedio_venta": 610.67,
  "timestamp": 1773733543.7211626,
  "human_date": "2026-03-17 07:45:48"
}