{
  "dolar": 474.0598,
  "euro": 550.89541238,
  "usdt": 642.4,
  "usdt_promedio_compra": 652.5,
  "usdt_promedio_venta": 601.72,
  "timestamp": 1775281722.0165882,
  "human_date": "2026-04-04 05:48:50"
}