{
  "dolar": 446.8048,
  "euro": 511.22064801,
  "usdt": 625.0,
  "usdt_promedio_compra": 626.5,
  "usdt_promedio_venta": 619.54,
  "timestamp": 1773522985.3119018,
  "human_date": "2026-03-14 21:16:29"
}