{
  "dolar": 481.6989,
  "euro": 567.58099688,
  "usdt": 629.7,
  "usdt_promedio_compra": 632.29,
  "usdt_promedio_venta": 624.7,
  "timestamp": 1776801491.318269,
  "human_date": "2026-04-21 19:58:15"
}