{
  "dolar": 477.1488,
  "euro": 560.04863251,
  "usdt": 639.6,
  "usdt_promedio_compra": 646.28,
  "usdt_promedio_venta": 583.15,
  "timestamp": 1775896175.912231,
  "human_date": "2026-04-11 08:29:40"
}