{
  "dolar": 474.0598,
  "euro": 550.89541238,
  "usdt": 633.999,
  "usdt_promedio_compra": 636.04,
  "usdt_promedio_venta": 628.5,
  "timestamp": 1775323242.484204,
  "human_date": "2026-04-04 17:20:47"
}