{
  "dolar": 440.9657,
  "euro": 510.48835226,
  "usdt": 624.3,
  "usdt_promedio_compra": 626.2,
  "usdt_promedio_venta": 617.36,
  "timestamp": 1773323686.1852357,
  "human_date": "2026-03-12 13:54:50"
}