{
  "dolar": 427.9302,
  "euro": 497.42178517,
  "usdt": 637.12,
  "usdt_promedio_compra": 640.59,
  "usdt_promedio_venta": 621.67,
  "timestamp": 1772706507.5324342,
  "human_date": "2026-03-05 10:28:31"
}