{
  "dolar": 474.0598,
  "euro": 550.89541238,
  "usdt": 633.8,
  "usdt_promedio_compra": 649.74,
  "usdt_promedio_venta": 570.85,
  "timestamp": 1775463386.9079266,
  "human_date": "2026-04-06 08:16:31"
}