{
  "dolar": 490.0442,
  "euro": 574.03777588,
  "usdt": 642.9,
  "usdt_promedio_compra": 644.4,
  "usdt_promedio_venta": 637.08,
  "timestamp": 1777933966.055015,
  "human_date": "2026-05-04 22:32:50"
}