{
  "dolar": 474.0598,
  "euro": 550.89541238,
  "usdt": 628.795,
  "usdt_promedio_compra": 632.21,
  "usdt_promedio_venta": 621.3,
  "timestamp": 1775409641.4808147,
  "human_date": "2026-04-05 17:20:45"
}