{
  "dolar": 446.8048,
  "euro": 511.22064801,
  "usdt": 637.6,
  "usdt_promedio_compra": 654.97,
  "usdt_promedio_venta": 610.63,
  "timestamp": 1773654771.2217617,
  "human_date": "2026-03-16 09:52:56"
}