{
  "dolar": 474.5338,
  "euro": 547.55980648,
  "usdt": 629.97,
  "usdt_promedio_compra": 633.64,
  "usdt_promedio_venta": 625.45,
  "timestamp": 1775587467.9691358,
  "human_date": "2026-04-07 18:44:32"
}