{
  "dolar": 431.0113,
  "euro": 499.61536862,
  "usdt": 619.85,
  "usdt_promedio_compra": 622.41,
  "usdt_promedio_venta": 614.19,
  "timestamp": 1772821765.5282466,
  "human_date": "2026-03-06 18:29:30"
}