{
  "dolar": 481.2177,
  "euro": 568.51540295,
  "usdt": 620.0,
  "usdt_promedio_compra": 621.3,
  "usdt_promedio_venta": 611.88,
  "timestamp": 1776468565.219557,
  "human_date": "2026-04-17 23:29:29"
}