{
  "dolar": 481.2177,
  "euro": 568.51540295,
  "usdt": 620.95,
  "usdt_promedio_compra": 623.01,
  "usdt_promedio_venta": 616.96,
  "timestamp": 1776526077.356687,
  "human_date": "2026-04-18 15:28:01"
}