{
  "dolar": 474.0598,
  "euro": 550.89541238,
  "usdt": 638.95,
  "usdt_promedio_compra": 642.44,
  "usdt_promedio_venta": 632.45,
  "timestamp": 1775264909.0571709,
  "human_date": "2026-04-04 01:08:33"
}