{
  "dolar": 446.8048,
  "euro": 511.22064801,
  "usdt": 626.3,
  "usdt_promedio_compra": 642.04,
  "usdt_promedio_venta": 600.88,
  "timestamp": 1773557858.8743818,
  "human_date": "2026-03-15 06:57:43"
}