{
  "dolar": 446.8048,
  "euro": 511.22064801,
  "usdt": 651.95,
  "usdt_promedio_compra": 654.21,
  "usdt_promedio_venta": 643.87,
  "timestamp": 1773696521.964048,
  "human_date": "2026-03-16 21:28:46"
}