{
  "dolar": 471.7004,
  "euro": 543.94131626,
  "usdt": 665.5,
  "usdt_promedio_compra": 667.56,
  "usdt_promedio_venta": 657.3,
  "timestamp": 1774871111.7317252,
  "human_date": "2026-03-30 11:45:16"
}