{
  "dolar": 448.3686,
  "euro": 514.97823921,
  "usdt": 665.69,
  "usdt_promedio_compra": 669.46,
  "usdt_promedio_venta": 654.51,
  "timestamp": 1773766431.1045132,
  "human_date": "2026-03-17 16:53:55"
}