{
  "dolar": 468.5145,
  "euro": 541.19046924,
  "usdt": 665.4,
  "usdt_promedio_compra": 670.47,
  "usdt_promedio_venta": 636.73,
  "timestamp": 1774604559.3618417,
  "human_date": "2026-03-27 09:42:43"
}