{
  "dolar": 474.0598,
  "euro": 550.89541238,
  "usdt": 632.0,
  "usdt_promedio_compra": 634.5,
  "usdt_promedio_venta": 623.91,
  "timestamp": 1775344767.11302,
  "human_date": "2026-04-04 23:19:35"
}