{
  "dolar": 475.0083,
  "euro": 549.69860509,
  "usdt": 632.679,
  "usdt_promedio_compra": 634.26,
  "usdt_promedio_venta": 624.95,
  "timestamp": 1775664437.6009314,
  "human_date": "2026-04-08 16:07:22"
}