{
  "dolar": 482.7586,
  "euro": 567.70963084,
  "usdt": 626.9,
  "usdt_promedio_compra": 630.12,
  "usdt_promedio_venta": 623.09,
  "timestamp": 1776884159.6543596,
  "human_date": "2026-04-22 18:56:04"
}