{
  "dolar": 489.5547,
  "euro": 574.19381208,
  "usdt": 633.75,
  "usdt_promedio_compra": 635.92,
  "usdt_promedio_venta": 628.1,
  "timestamp": 1777646701.75233,
  "human_date": "2026-05-01 14:45:06"
}