{
  "dolar": 459.4525,
  "euro": 533.45651417,
  "usdt": 662.499,
  "usdt_promedio_compra": 663.57,
  "usdt_promedio_venta": 654.42,
  "timestamp": 1774314207.8598518,
  "human_date": "2026-03-24 01:03:32"
}