{
  "dolar": 466.6014,
  "euro": 540.17044273,
  "usdt": 677.377,
  "usdt_promedio_compra": 682.14,
  "usdt_promedio_venta": 655.28,
  "timestamp": 1774518656.6650913,
  "human_date": "2026-03-26 09:51:01"
}