{
  "dolar": 468.5145,
  "euro": 541.19046924,
  "usdt": 664.0,
  "usdt_promedio_compra": 665.56,
  "usdt_promedio_venta": 657.54,
  "timestamp": 1774640051.4694223,
  "human_date": "2026-03-27 19:34:15"
}