{
  "dolar": 487.1192,
  "euro": 569.76384347,
  "usdt": 633.85,
  "usdt_promedio_compra": 636.63,
  "usdt_promedio_venta": 623.56,
  "timestamp": 1777507433.8223774,
  "human_date": "2026-04-30 00:03:58"
}