{
  "dolar": 457.0757,
  "euro": 527.7944523,
  "usdt": 657.9,
  "usdt_promedio_compra": 660.71,
  "usdt_promedio_venta": 651.01,
  "timestamp": 1774221406.7504396,
  "human_date": "2026-03-22 23:16:51"
}