{
  "dolar": 474.0598,
  "euro": 550.89541238,
  "usdt": 635.2,
  "usdt_promedio_compra": 637.08,
  "usdt_promedio_venta": 627.08,
  "timestamp": 1775312627.9686444,
  "human_date": "2026-04-04 14:23:56"
}