{
  "dolar": 446.8048,
  "euro": 511.22064801,
  "usdt": 626.3,
  "usdt_promedio_compra": 646.12,
  "usdt_promedio_venta": 578.38,
  "timestamp": 1773560529.2882812,
  "human_date": "2026-03-15 07:42:13"
}