{
  "dolar": 419.9873,
  "euro": 495.60601336,
  "usdt": 603.75,
  "usdt_promedio_compra": 606.0,
  "usdt_promedio_venta": 597.36,
  "timestamp": 1772327565.2050602,
  "human_date": "2026-03-01 01:12:50"
}