{
  "dolar": 477.1488,
  "euro": 560.04863251,
  "usdt": 630.0,
  "usdt_promedio_compra": 633.11,
  "usdt_promedio_venta": 625.57,
  "timestamp": 1776025352.1888125,
  "human_date": "2026-04-12 20:22:37"
}