{
  "dolar": 436.2419,
  "euro": 505.41677808,
  "usdt": 617.85,
  "usdt_promedio_compra": 620.14,
  "usdt_promedio_venta": 610.1,
  "timestamp": 1773177616.334124,
  "human_date": "2026-03-10 21:20:20"
}