{
  "dolar": 457.0757,
  "euro": 527.7944523,
  "usdt": 657.745,
  "usdt_promedio_compra": 688.19,
  "usdt_promedio_venta": 607.34,
  "timestamp": 1774245797.6245468,
  "human_date": "2026-03-23 06:03:21"
}