{
  "dolar": 478.5811,
  "euro": 564.97934598,
  "usdt": 631.5,
  "usdt_promedio_compra": 632.87,
  "usdt_promedio_venta": 625.71,
  "timestamp": 1776209630.986871,
  "human_date": "2026-04-14 23:33:55"
}