{
  "dolar": 471.7004,
  "euro": 543.94131626,
  "usdt": 668.999,
  "usdt_promedio_compra": 671.07,
  "usdt_promedio_venta": 662.44,
  "timestamp": 1774804892.1249833,
  "human_date": "2026-03-29 17:21:36"
}