{
  "dolar": 474.5338,
  "euro": 547.55980648,
  "usdt": 636.99,
  "usdt_promedio_compra": 639.58,
  "usdt_promedio_venta": 626.36,
  "timestamp": 1775559011.6311996,
  "human_date": "2026-04-07 10:50:16"
}