{
  "dolar": 475.9583,
  "euro": 556.51900185,
  "usdt": 636.4,
  "usdt_promedio_compra": 639.01,
  "usdt_promedio_venta": 601.24,
  "timestamp": 1775728896.9200122,
  "human_date": "2026-04-09 10:01:44"
}