{
  "dolar": 433.1664,
  "euro": 501.72797779,
  "usdt": 611.699,
  "usdt_promedio_compra": 614.73,
  "usdt_promedio_venta": 601.31,
  "timestamp": 1773071151.6897893,
  "human_date": "2026-03-09 15:45:55"
}