{
  "dolar": 489.5547,
  "euro": 574.19381208,
  "usdt": 633.0,
  "usdt_promedio_compra": 634.3,
  "usdt_promedio_venta": 626.46,
  "timestamp": 1777824562.9111702,
  "human_date": "2026-05-03 16:09:27"
}