{
  "dolar": 421.8772,
  "euro": 493.53726119,
  "usdt": 615.077,
  "usdt_promedio_compra": 617.51,
  "usdt_promedio_venta": 608.51,
  "timestamp": 1772541100.2089655,
  "human_date": "2026-03-03 12:31:44"
}