{
  "dolar": 474.0598,
  "euro": 550.89541238,
  "usdt": 655.997,
  "usdt_promedio_compra": 671.56,
  "usdt_promedio_venta": 624.35,
  "timestamp": 1775116647.118448,
  "human_date": "2026-04-02 07:57:32"
}