{
  "dolar": 484.7404,
  "euro": 567.40318041,
  "usdt": 630.0,
  "usdt_promedio_compra": 635.43,
  "usdt_promedio_venta": 612.47,
  "timestamp": 1777097653.0590022,
  "human_date": "2026-04-25 06:14:17"
}