{
  "dolar": 474.0598,
  "euro": 550.89541238,
  "usdt": 633.998,
  "usdt_promedio_compra": 650.44,
  "usdt_promedio_venta": 584.47,
  "timestamp": 1775375265.3619905,
  "human_date": "2026-04-05 07:47:49"
}