{
  "dolar": 486.1955,
  "euro": 569.42730764,
  "usdt": 634.89,
  "usdt_promedio_compra": 638.76,
  "usdt_promedio_venta": 627.12,
  "timestamp": 1777499408.0893016,
  "human_date": "2026-04-29 21:50:12"
}