{
  "dolar": 471.7004,
  "euro": 543.94131626,
  "usdt": 666.9,
  "usdt_promedio_compra": 676.89,
  "usdt_promedio_venta": 641.17,
  "timestamp": 1774686338.8291721,
  "human_date": "2026-03-28 08:25:43"
}