{
  "dolar": 471.7004,
  "euro": 543.94131626,
  "usdt": 657.9,
  "usdt_promedio_compra": 661.22,
  "usdt_promedio_venta": 654.63,
  "timestamp": 1774906319.4310021,
  "human_date": "2026-03-30 21:32:03"
}