{
  "dolar": 474.5338,
  "euro": 547.55980648,
  "usdt": 638.0,
  "usdt_promedio_compra": 640.4,
  "usdt_promedio_venta": 633.13,
  "timestamp": 1775517906.6880257,
  "human_date": "2026-04-06 23:25:11"
}