{
  "dolar": 489.5547,
  "euro": 574.19381208,
  "usdt": 633.2,
  "usdt_promedio_compra": 634.6,
  "usdt_promedio_venta": 626.97,
  "timestamp": 1777841046.995018,
  "human_date": "2026-05-03 20:44:11"
}