{
  "dolar": 471.7004,
  "euro": 543.94131626,
  "usdt": 668.0,
  "usdt_promedio_compra": 670.0,
  "usdt_promedio_venta": 662.98,
  "timestamp": 1774718380.5856194,
  "human_date": "2026-03-28 17:19:44"
}