{
  "dolar": 475.9583,
  "euro": 556.51900185,
  "usdt": 631.001,
  "usdt_promedio_compra": 633.65,
  "usdt_promedio_venta": 625.24,
  "timestamp": 1775746203.4818683,
  "human_date": "2026-04-09 14:50:08"
}