{
  "dolar": 421.8772,
  "euro": 493.53726119,
  "usdt": 620.977,
  "usdt_promedio_compra": 638.83,
  "usdt_promedio_venta": 565.12,
  "timestamp": 1772519781.5873828,
  "human_date": "2026-03-03 06:36:26"
}