{
  "dolar": 440.9657,
  "euro": 510.48835226,
  "usdt": 629.999,
  "usdt_promedio_compra": 632.66,
  "usdt_promedio_venta": 609.7,
  "timestamp": 1773292246.256965,
  "human_date": "2026-03-12 05:10:51"
}