{
  "dolar": 489.5547,
  "euro": 574.19381208,
  "usdt": 631.95,
  "usdt_promedio_compra": 633.6,
  "usdt_promedio_venta": 626.02,
  "timestamp": 1777657627.709858,
  "human_date": "2026-05-01 17:47:12"
}