{
  "dolar": 473.9176,
  "euro": 545.94833602,
  "usdt": 659.5,
  "usdt_promedio_compra": 667.25,
  "usdt_promedio_venta": 592.8,
  "timestamp": 1775030880.1275144,
  "human_date": "2026-04-01 08:08:04"
}