{
  "dolar": 438.205,
  "euro": 510.2108456,
  "usdt": 624.899,
  "usdt_promedio_compra": 628.85,
  "usdt_promedio_venta": 615.06,
  "timestamp": 1773224890.9181564,
  "human_date": "2026-03-11 10:28:15"
}