{
  "dolar": 477.1488,
  "euro": 560.04863251,
  "usdt": 633.0,
  "usdt_promedio_compra": 634.69,
  "usdt_promedio_venta": 627.28,
  "timestamp": 1775945973.2800715,
  "human_date": "2026-04-11 22:19:37"
}