{
  "dolar": 484.7404,
  "euro": 567.40318041,
  "usdt": 631.7,
  "usdt_promedio_compra": 641.51,
  "usdt_promedio_venta": 606.59,
  "timestamp": 1777275143.4768233,
  "human_date": "2026-04-27 07:32:28"
}