{
  "dolar": 427.9302,
  "euro": 497.42178517,
  "usdt": 639.0,
  "usdt_promedio_compra": 644.45,
  "usdt_promedio_venta": 600.0,
  "timestamp": 1772699258.3120785,
  "human_date": "2026-03-05 08:27:42"
}