{
  "dolar": 473.9176,
  "euro": 545.94833602,
  "usdt": 649.5,
  "usdt_promedio_compra": 651.04,
  "usdt_promedio_venta": 641.92,
  "timestamp": 1775059227.6271415,
  "human_date": "2026-04-01 16:00:32"
}