{
  "dolar": 459.4525,
  "euro": 533.45651417,
  "usdt": 660.9,
  "usdt_promedio_compra": 665.18,
  "usdt_promedio_venta": 646.11,
  "timestamp": 1774345436.5712056,
  "human_date": "2026-03-24 09:44:01"
}