{
  "dolar": 457.0757,
  "euro": 527.7944523,
  "usdt": 657.0,
  "usdt_promedio_compra": 664.87,
  "usdt_promedio_venta": 625.31,
  "timestamp": 1774161407.0635695,
  "human_date": "2026-03-22 06:36:51"
}