{
  "dolar": 446.8048,
  "euro": 511.22064801,
  "usdt": 626.95,
  "usdt_promedio_compra": 629.15,
  "usdt_promedio_venta": 619.94,
  "timestamp": 1773443864.2239716,
  "human_date": "2026-03-13 23:17:49"
}