{
  "dolar": 473.8702,
  "euro": 542.63824342,
  "usdt": 660.2,
  "usdt_promedio_compra": 661.51,
  "usdt_promedio_venta": 653.14,
  "timestamp": 1774919716.0744314,
  "human_date": "2026-03-31 01:15:41"
}