{
  "dolar": 490.0442,
  "euro": 574.03777588,
  "usdt": 648.577,
  "usdt_promedio_compra": 650.74,
  "usdt_promedio_venta": 639.9,
  "timestamp": 1777949660.1553462,
  "human_date": "2026-05-05 02:54:25"
}