{
  "dolar": 474.0598,
  "euro": 550.89541238,
  "usdt": 646.35,
  "usdt_promedio_compra": 647.98,
  "usdt_promedio_venta": 638.76,
  "timestamp": 1775244670.1699185,
  "human_date": "2026-04-03 19:31:15"
}