{
  "dolar": 419.9873,
  "euro": 495.60601336,
  "usdt": 607.0,
  "usdt_promedio_compra": 609.7,
  "usdt_promedio_venta": 598.5,
  "timestamp": 1772367793.6085584,
  "human_date": "2026-03-01 12:23:18"
}