{
  "dolar": 438.205,
  "euro": 510.2108456,
  "usdt": 631.4,
  "usdt_promedio_compra": 632.94,
  "usdt_promedio_venta": 622.71,
  "timestamp": 1773260542.8272247,
  "human_date": "2026-03-11 20:22:27"
}