{
  "dolar": 462.6687,
  "euro": 536.09422269,
  "usdt": 670.0,
  "usdt_promedio_compra": 677.1,
  "usdt_promedio_venta": 641.14,
  "timestamp": 1774421386.4318569,
  "human_date": "2026-03-25 06:49:50"
}