{
  "dolar": 455.2547,
  "euro": 524.50804496,
  "usdt": 664.5,
  "usdt_promedio_compra": 665.91,
  "usdt_promedio_venta": 658.64,
  "timestamp": 1773934899.8055081,
  "human_date": "2026-03-19 15:41:44"
}