{
  "dolar": 486.1955,
  "euro": 569.42730764,
  "usdt": 646.39,
  "usdt_promedio_compra": 647.52,
  "usdt_promedio_venta": 641.45,
  "timestamp": 1777419782.2647088,
  "human_date": "2026-04-28 23:43:06"
}