{
  "dolar": 457.0757,
  "euro": 527.7944523,
  "usdt": 657.78,
  "usdt_promedio_compra": 659.48,
  "usdt_promedio_venta": 649.59,
  "timestamp": 1774120518.3066828,
  "human_date": "2026-03-21 19:15:22"
}