{
  "dolar": 455.2547,
  "euro": 524.50804496,
  "usdt": 664.0,
  "usdt_promedio_compra": 666.02,
  "usdt_promedio_venta": 658.13,
  "timestamp": 1773942358.077349,
  "human_date": "2026-03-19 17:46:03"
}