{
  "dolar": 446.8048,
  "euro": 511.22064801,
  "usdt": 623.5,
  "usdt_promedio_compra": 626.12,
  "usdt_promedio_venta": 616.88,
  "timestamp": 1773512484.3744159,
  "human_date": "2026-03-14 18:21:28"
}