{
  "dolar": 421.8772,
  "euro": 493.53726119,
  "usdt": 617.8,
  "usdt_promedio_compra": 629.45,
  "usdt_promedio_venta": 608.84,
  "timestamp": 1772510660.3941576,
  "human_date": "2026-03-03 04:04:24"
}