{
  "dolar": 486.1955,
  "euro": 569.42730764,
  "usdt": 646.44,
  "usdt_promedio_compra": 647.7,
  "usdt_promedio_venta": 639.84,
  "timestamp": 1777413087.282135,
  "human_date": "2026-04-28 21:51:32"
}