{
  "dolar": 446.8048,
  "euro": 511.22064801,
  "usdt": 631.5,
  "usdt_promedio_compra": 633.36,
  "usdt_promedio_venta": 622.92,
  "timestamp": 1773587926.1901176,
  "human_date": "2026-03-15 15:18:50"
}