{
  "dolar": 479.7775,
  "euro": 565.9839212,
  "usdt": 620.707,
  "usdt_promedio_compra": 622.23,
  "usdt_promedio_venta": 614.94,
  "timestamp": 1776358879.8904076,
  "human_date": "2026-04-16 17:01:24"
}