{
  "dolar": 471.7004,
  "euro": 543.94131626,
  "usdt": 667.7,
  "usdt_promedio_compra": 670.77,
  "usdt_promedio_venta": 643.84,
  "timestamp": 1774845300.232155,
  "human_date": "2026-03-30 04:35:04"
}