{
  "dolar": 471.7004,
  "euro": 543.94131626,
  "usdt": 669.99,
  "usdt_promedio_compra": 671.84,
  "usdt_promedio_venta": 662.1,
  "timestamp": 1774722244.4863875,
  "human_date": "2026-03-28 18:24:08"
}