{
  "dolar": 425.6741,
  "euro": 491.49182934,
  "usdt": 626.95,
  "usdt_promedio_compra": 628.27,
  "usdt_promedio_venta": 620.07,
  "timestamp": 1772632132.157148,
  "human_date": "2026-03-04 13:48:56"
}