{
  "dolar": 440.9657,
  "euro": 510.48835226,
  "usdt": 629.5,
  "usdt_promedio_compra": 631.33,
  "usdt_promedio_venta": 614.89,
  "timestamp": 1773286259.58058,
  "human_date": "2026-03-12 03:31:04"
}