{
  "dolar": 484.7404,
  "euro": 567.40318041,
  "usdt": 630.0,
  "usdt_promedio_compra": 631.33,
  "usdt_promedio_venta": 624.36,
  "timestamp": 1777079871.5263731,
  "human_date": "2026-04-25 01:17:55"
}