{
  "dolar": 455.2547,
  "euro": 524.50804496,
  "usdt": 657.0,
  "usdt_promedio_compra": 659.28,
  "usdt_promedio_venta": 651.64,
  "timestamp": 1774037975.8335042,
  "human_date": "2026-03-20 20:19:40"
}