{
  "dolar": 468.5145,
  "euro": 541.19046924,
  "usdt": 665.98,
  "usdt_promedio_compra": 667.6,
  "usdt_promedio_venta": 659.37,
  "timestamp": 1774567207.7405097,
  "human_date": "2026-03-26 23:20:12"
}