{
  "dolar": 462.6687,
  "euro": 536.09422269,
  "usdt": 665.0,
  "usdt_promedio_compra": 668.53,
  "usdt_promedio_venta": 660.85,
  "timestamp": 1774390773.2170327,
  "human_date": "2026-03-24 22:19:37"
}