{
  "dolar": 451.5072,
  "euro": 520.64198246,
  "usdt": 664.0,
  "usdt_promedio_compra": 665.75,
  "usdt_promedio_venta": 656.06,
  "timestamp": 1773856845.6474693,
  "human_date": "2026-03-18 18:00:50"
}