{
  "dolar": 473.9176,
  "euro": 545.94833602,
  "usdt": 657.0,
  "usdt_promedio_compra": 658.66,
  "usdt_promedio_venta": 651.28,
  "timestamp": 1775006518.2934887,
  "human_date": "2026-04-01 01:22:03"
}