{
  "dolar": 459.4525,
  "euro": 533.45651417,
  "usdt": 662.7,
  "usdt_promedio_compra": 669.63,
  "usdt_promedio_venta": 628.61,
  "timestamp": 1774331551.331611,
  "human_date": "2026-03-24 05:52:35"
}