{
  "dolar": 455.2547,
  "euro": 524.50804496,
  "usdt": 648.0,
  "usdt_promedio_compra": 653.47,
  "usdt_promedio_venta": 638.26,
  "timestamp": 1774009931.0662549,
  "human_date": "2026-03-20 12:32:16"
}