{
  "dolar": 479.7775,
  "euro": 565.9839212,
  "usdt": 624.5,
  "usdt_promedio_compra": 630.11,
  "usdt_promedio_venta": 549.77,
  "timestamp": 1776327672.3172905,
  "human_date": "2026-04-16 08:21:16"
}