{
  "dolar": 448.3686,
  "euro": 514.97823921,
  "usdt": 663.8,
  "usdt_promedio_compra": 666.65,
  "usdt_promedio_venta": 654.05,
  "timestamp": 1773769974.91785,
  "human_date": "2026-03-17 17:52:59"
}