{
  "dolar": 455.2547,
  "euro": 524.50804496,
  "usdt": 662.0,
  "usdt_promedio_compra": 681.03,
  "usdt_promedio_venta": 629.89,
  "timestamp": 1773988791.1521902,
  "human_date": "2026-03-20 06:39:55"
}