{
  "dolar": 471.7004,
  "euro": 543.94131626,
  "usdt": 668.8,
  "usdt_promedio_compra": 674.03,
  "usdt_promedio_venta": 631.87,
  "timestamp": 1774770237.2123604,
  "human_date": "2026-03-29 07:44:01"
}