{
  "dolar": 431.0113,
  "euro": 499.61536862,
  "usdt": 630.1,
  "usdt_promedio_compra": 655.66,
  "usdt_promedio_venta": 585.02,
  "timestamp": 1772778796.326096,
  "human_date": "2026-03-06 06:33:20"
}