{
  "dolar": 471.7004,
  "euro": 543.94131626,
  "usdt": 668.0,
  "usdt_promedio_compra": 670.02,
  "usdt_promedio_venta": 663.6,
  "timestamp": 1774729027.6101344,
  "human_date": "2026-03-28 20:17:11"
}