{
  "dolar": 483.8695,
  "euro": 566.84344186,
  "usdt": 628.9,
  "usdt_promedio_compra": 629.66,
  "usdt_promedio_venta": 621.87,
  "timestamp": 1777055703.3836906,
  "human_date": "2026-04-24 18:35:08"
}