{
  "dolar": 484.7404,
  "euro": 567.40318041,
  "usdt": 633.0,
  "usdt_promedio_compra": 638.26,
  "usdt_promedio_venta": 614.36,
  "timestamp": 1777196533.3997474,
  "human_date": "2026-04-26 09:42:18"
}