{
  "dolar": 474.0598,
  "euro": 550.89541238,
  "usdt": 630.7,
  "usdt_promedio_compra": 634.11,
  "usdt_promedio_venta": 613.99,
  "timestamp": 1775472831.0316653,
  "human_date": "2026-04-06 10:53:59"
}