{
  "dolar": 478.5811,
  "euro": 564.97934598,
  "usdt": 626.4,
  "usdt_promedio_compra": 627.22,
  "usdt_promedio_venta": 619.56,
  "timestamp": 1776292331.1548884,
  "human_date": "2026-04-15 22:32:15"
}