{
  "dolar": 489.5547,
  "euro": 574.19381208,
  "usdt": 633.45,
  "usdt_promedio_compra": 634.26,
  "usdt_promedio_venta": 627.84,
  "timestamp": 1777756115.2917404,
  "human_date": "2026-05-02 21:08:40"
}