{
  "dolar": 425.6741,
  "euro": 491.49182934,
  "usdt": 652.999,
  "usdt_promedio_compra": 655.81,
  "usdt_promedio_venta": 635.31,
  "timestamp": 1772645432.9585507,
  "human_date": "2026-03-04 17:30:37"
}