{
  "dolar": 481.2177,
  "euro": 568.51540295,
  "usdt": 622.8,
  "usdt_promedio_compra": 633.51,
  "usdt_promedio_venta": 591.92,
  "timestamp": 1776501362.0140576,
  "human_date": "2026-04-18 08:36:06"
}