{
  "dolar": 433.1664,
  "euro": 501.72797779,
  "usdt": 618.0,
  "usdt_promedio_compra": 622.48,
  "usdt_promedio_venta": 593.73,
  "timestamp": 1772861459.4619308,
  "human_date": "2026-03-07 05:31:03"
}