{
  "dolar": 477.6259,
  "euro": 559.20917997,
  "usdt": 640.4,
  "usdt_promedio_compra": 644.07,
  "usdt_promedio_venta": 635.64,
  "timestamp": 1776182420.1137238,
  "human_date": "2026-04-14 16:00:28"
}