{
  "dolar": 478.5811,
  "euro": 564.97934598,
  "usdt": 622.899,
  "usdt_promedio_compra": 623.93,
  "usdt_promedio_venta": 615.7,
  "timestamp": 1776268640.9204614,
  "human_date": "2026-04-15 15:57:25"
}