{
  "dolar": 481.2177,
  "euro": 568.51540295,
  "usdt": 623.999,
  "usdt_promedio_compra": 628.05,
  "usdt_promedio_venta": 593.64,
  "timestamp": 1776585563.16337,
  "human_date": "2026-04-19 07:59:27"
}