{
  "dolar": 457.0757,
  "euro": 527.7944523,
  "usdt": 655.9,
  "usdt_promedio_compra": 657.79,
  "usdt_promedio_venta": 642.67,
  "timestamp": 1774095802.9122667,
  "human_date": "2026-03-21 12:23:27"
}