{
  "dolar": 476.4342,
  "euro": 556.66095493,
  "usdt": 637.3,
  "usdt_promedio_compra": 638.73,
  "usdt_promedio_venta": 629.82,
  "timestamp": 1775783872.4454844,
  "human_date": "2026-04-10 01:17:56"
}