{
  "dolar": 455.2547,
  "euro": 524.50804496,
  "usdt": 669.99,
  "usdt_promedio_compra": 670.89,
  "usdt_promedio_venta": 662.62,
  "timestamp": 1773872499.6470132,
  "human_date": "2026-03-18 22:21:44"
}