{
  "dolar": 484.7404,
  "euro": 567.40318041,
  "usdt": 631.998,
  "usdt_promedio_compra": 633.79,
  "usdt_promedio_venta": 617.44,
  "timestamp": 1777179011.4856315,
  "human_date": "2026-04-26 04:50:16"
}