{
  "dolar": 433.1664,
  "euro": 501.72797779,
  "usdt": 605.0,
  "usdt_promedio_compra": 607.61,
  "usdt_promedio_venta": 596.56,
  "timestamp": 1772925135.046265,
  "human_date": "2026-03-07 23:12:19"
}