{
  "dolar": 487.1192,
  "euro": 569.76384347,
  "usdt": 634.8,
  "usdt_promedio_compra": 639.54,
  "usdt_promedio_venta": 615.72,
  "timestamp": 1777543652.2332127,
  "human_date": "2026-04-30 10:07:36"
}