{
  "dolar": 484.7404,
  "euro": 567.40318041,
  "usdt": 631.4,
  "usdt_promedio_compra": 632.44,
  "usdt_promedio_venta": 627.31,
  "timestamp": 1777134525.8427856,
  "human_date": "2026-04-25 16:28:50"
}