{
  "dolar": 421.8772,
  "euro": 493.53726119,
  "usdt": 609.85,
  "usdt_promedio_compra": 613.54,
  "usdt_promedio_venta": 603.08,
  "timestamp": 1772555629.2158184,
  "human_date": "2026-03-03 16:33:53"
}