{
  "dolar": 436.2419,
  "euro": 505.41677808,
  "usdt": 616.0,
  "usdt_promedio_compra": 619.37,
  "usdt_promedio_venta": 609.96,
  "timestamp": 1773146347.0775506,
  "human_date": "2026-03-10 12:39:11"
}