{
  "dolar": 448.3686,
  "euro": 514.97823921,
  "usdt": 666.0,
  "usdt_promedio_compra": 669.4,
  "usdt_promedio_venta": 659.44,
  "timestamp": 1773776786.5789247,
  "human_date": "2026-03-17 19:46:30"
}