{
  "dolar": 480.2572,
  "euro": 565.41160413,
  "usdt": 625.707,
  "usdt_promedio_compra": 626.91,
  "usdt_promedio_venta": 619.4,
  "timestamp": 1776375195.13564,
  "human_date": "2026-04-16 21:33:19"
}