{
  "dolar": 475.9583,
  "euro": 556.51900185,
  "usdt": 637.0,
  "usdt_promedio_compra": 640.65,
  "usdt_promedio_venta": 583.75,
  "timestamp": 1775708585.6876047,
  "human_date": "2026-04-09 04:23:10"
}