{
  "dolar": 480.2572,
  "euro": 565.41160413,
  "usdt": 625.4,
  "usdt_promedio_compra": 626.74,
  "usdt_promedio_venta": 604.77,
  "timestamp": 1776400781.3681717,
  "human_date": "2026-04-17 04:39:45"
}