{
  "dolar": 419.9873,
  "euro": 495.60601336,
  "usdt": 608.0,
  "usdt_promedio_compra": 609.76,
  "usdt_promedio_venta": 603.29,
  "timestamp": 1772462130.684771,
  "human_date": "2026-03-02 14:35:35"
}