{
  "dolar": 419.9873,
  "euro": 495.60601336,
  "usdt": 613.0,
  "usdt_promedio_compra": 614.42,
  "usdt_promedio_venta": 603.09,
  "timestamp": 1772476276.4053652,
  "human_date": "2026-03-02 18:31:20"
}