{
  "dolar": 482.7586,
  "euro": 567.70963084,
  "usdt": 627.5,
  "usdt_promedio_compra": 630.58,
  "usdt_promedio_venta": 612.78,
  "timestamp": 1776852533.1231527,
  "human_date": "2026-04-22 10:08:57"
}