{
  "dolar": 427.9302,
  "euro": 497.42178517,
  "usdt": 637.279,
  "usdt_promedio_compra": 639.62,
  "usdt_promedio_venta": 630.84,
  "timestamp": 1772733131.1408195,
  "human_date": "2026-03-05 17:52:15"
}