{
  "dolar": 474.0598,
  "euro": 550.89541238,
  "usdt": 642.9,
  "usdt_promedio_compra": 645.23,
  "usdt_promedio_venta": 632.75,
  "timestamp": 1775254870.1523776,
  "human_date": "2026-04-03 22:21:14"
}