{
  "dolar": 457.0757,
  "euro": 527.7944523,
  "usdt": 656.65,
  "usdt_promedio_compra": 657.54,
  "usdt_promedio_venta": 649.27,
  "timestamp": 1774102577.6646647,
  "human_date": "2026-03-21 14:16:22"
}