{
  "dolar": 471.7004,
  "euro": 543.94131626,
  "usdt": 654.0,
  "usdt_promedio_compra": 656.91,
  "usdt_promedio_venta": 643.51,
  "timestamp": 1774889718.592369,
  "human_date": "2026-03-30 16:55:23"
}