{
  "dolar": 457.0757,
  "euro": 527.7944523,
  "usdt": 658.1,
  "usdt_promedio_compra": 661.99,
  "usdt_promedio_venta": 634.52,
  "timestamp": 1774239371.2325547,
  "human_date": "2026-03-23 04:16:15"
}