{
  "dolar": 474.0598,
  "euro": 550.89541238,
  "usdt": 625.0,
  "usdt_promedio_compra": 629.07,
  "usdt_promedio_venta": 614.89,
  "timestamp": 1775479427.4514813,
  "human_date": "2026-04-06 12:43:51"
}