{
  "dolar": 471.7004,
  "euro": 543.94131626,
  "usdt": 668.9,
  "usdt_promedio_compra": 678.25,
  "usdt_promedio_venta": 639.45,
  "timestamp": 1774683436.4529448,
  "human_date": "2026-03-28 07:37:21"
}