{
  "dolar": 474.0598,
  "euro": 550.89541238,
  "usdt": 642.4,
  "usdt_promedio_compra": 653.82,
  "usdt_promedio_venta": 595.8,
  "timestamp": 1775291282.0107155,
  "human_date": "2026-04-04 08:28:06"
}