{
  "dolar": 485.2251,
  "euro": 569.29520082,
  "usdt": 649.0,
  "usdt_promedio_compra": 664.93,
  "usdt_promedio_venta": 628.65,
  "timestamp": 1777363374.1924536,
  "human_date": "2026-04-28 08:02:59"
}