{
  "dolar": 480.2572,
  "euro": 565.41160413,
  "usdt": 618.0,
  "usdt_promedio_compra": 620.11,
  "usdt_promedio_venta": 613.27,
  "timestamp": 1776451258.5510154,
  "human_date": "2026-04-17 18:41:02"
}