{
  "dolar": 485.2251,
  "euro": 569.29520082,
  "usdt": 646.877,
  "usdt_promedio_compra": 648.57,
  "usdt_promedio_venta": 640.32,
  "timestamp": 1777340853.838454,
  "human_date": "2026-04-28 01:47:38"
}