{
  "dolar": 427.9302,
  "euro": 497.42178517,
  "usdt": 633.25,
  "usdt_promedio_compra": 636.06,
  "usdt_promedio_venta": 625.6,
  "timestamp": 1772745822.9587831,
  "human_date": "2026-03-05 21:23:47"
}