{
  "dolar": 421.8772,
  "euro": 493.53726119,
  "usdt": 614.699,
  "usdt_promedio_compra": 617.56,
  "usdt_promedio_venta": 607.03,
  "timestamp": 1772548549.083995,
  "human_date": "2026-03-03 14:35:53"
}