{
  "dolar": 443.2587,
  "euro": 510.34147165,
  "usdt": 625.77,
  "usdt_promedio_compra": 641.19,
  "usdt_promedio_venta": 601.59,
  "timestamp": 1773383852.0013387,
  "human_date": "2026-03-13 06:37:36"
}