{
  "dolar": 489.5547,
  "euro": 574.19381208,
  "usdt": 633.99,
  "usdt_promedio_compra": 635.41,
  "usdt_promedio_venta": 627.69,
  "timestamp": 1777814038.3288019,
  "human_date": "2026-05-03 13:14:03"
}