{
  "dolar": 471.7004,
  "euro": 543.94131626,
  "usdt": 667.0,
  "usdt_promedio_compra": 669.01,
  "usdt_promedio_venta": 662.44,
  "timestamp": 1774707747.7320924,
  "human_date": "2026-03-28 14:22:32"
}