{
  "dolar": 484.7404,
  "euro": 567.40318041,
  "usdt": 634.977,
  "usdt_promedio_compra": 636.17,
  "usdt_promedio_venta": 628.57,
  "timestamp": 1777301698.6865196,
  "human_date": "2026-04-27 14:55:03"
}