{
  "dolar": 489.5547,
  "euro": 574.19381208,
  "usdt": 633.149,
  "usdt_promedio_compra": 633.93,
  "usdt_promedio_venta": 627.19,
  "timestamp": 1777852183.8482604,
  "human_date": "2026-05-03 23:49:52"
}