{
  "dolar": 421.8772,
  "euro": 493.53726119,
  "usdt": 616.897,
  "usdt_promedio_compra": 618.72,
  "usdt_promedio_venta": 609.32,
  "timestamp": 1772562786.9047537,
  "human_date": "2026-03-03 18:33:11"
}