{
  "dolar": 451.5072,
  "euro": 520.64198246,
  "usdt": 667.0,
  "usdt_promedio_compra": 669.02,
  "usdt_promedio_venta": 658.18,
  "timestamp": 1773796220.3897398,
  "human_date": "2026-03-18 01:10:24"
}