{
  "dolar": 436.2419,
  "euro": 505.41677808,
  "usdt": 622.9,
  "usdt_promedio_compra": 644.88,
  "usdt_promedio_venta": 601.11,
  "timestamp": 1773135147.606185,
  "human_date": "2026-03-10 09:32:32"
}