{
  "dolar": 471.7004,
  "euro": 543.94131626,
  "usdt": 667.1,
  "usdt_promedio_compra": 668.56,
  "usdt_promedio_venta": 657.18,
  "timestamp": 1774696710.7673917,
  "human_date": "2026-03-28 11:18:35"
}