{
  "dolar": 433.1664,
  "euro": 501.72797779,
  "usdt": 618.0,
  "usdt_promedio_compra": 631.77,
  "usdt_promedio_venta": 589.79,
  "timestamp": 1772871415.4041193,
  "human_date": "2026-03-07 08:17:00"
}