{
  "dolar": 425.6741,
  "euro": 491.49182934,
  "usdt": 631.58,
  "usdt_promedio_compra": 643.62,
  "usdt_promedio_venta": 614.21,
  "timestamp": 1772612751.7407265,
  "human_date": "2026-03-04 08:25:56"
}