{
  "dolar": 471.7004,
  "euro": 543.94131626,
  "usdt": 667.4,
  "usdt_promedio_compra": 675.43,
  "usdt_promedio_venta": 627.81,
  "timestamp": 1774858506.6729739,
  "human_date": "2026-03-30 08:15:10"
}