{
  "dolar": 489.5547,
  "euro": 574.19381208,
  "usdt": 633.498,
  "usdt_promedio_compra": 644.19,
  "usdt_promedio_venta": 613.8,
  "timestamp": 1777622315.4291077,
  "human_date": "2026-05-01 07:58:40"
}