{
  "dolar": 484.7404,
  "euro": 567.40318041,
  "usdt": 630.7,
  "usdt_promedio_compra": 632.09,
  "usdt_promedio_venta": 627.37,
  "timestamp": 1777127770.1634498,
  "human_date": "2026-04-25 14:36:14"
}