{
  "dolar": 484.7404,
  "euro": 567.40318041,
  "usdt": 646.5,
  "usdt_promedio_compra": 647.32,
  "usdt_promedio_venta": 639.0,
  "timestamp": 1777322977.898503,
  "human_date": "2026-04-27 20:49:42"
}