{
  "dolar": 477.1488,
  "euro": 560.04863251,
  "usdt": 633.49,
  "usdt_promedio_compra": 638.07,
  "usdt_promedio_venta": 593.11,
  "timestamp": 1775989708.199834,
  "human_date": "2026-04-12 10:28:32"
}