{
  "dolar": 473.8702,
  "euro": 542.63824342,
  "usdt": 659.999,
  "usdt_promedio_compra": 661.57,
  "usdt_promedio_venta": 651.75,
  "timestamp": 1774957163.52184,
  "human_date": "2026-03-31 11:39:28"
}