{
  "dolar": 471.7004,
  "euro": 543.94131626,
  "usdt": 666.59,
  "usdt_promedio_compra": 669.48,
  "usdt_promedio_venta": 656.93,
  "timestamp": 1774670909.461866,
  "human_date": "2026-03-28 04:08:34"
}