{
  "dolar": 433.1664,
  "euro": 501.72797779,
  "usdt": 607.3,
  "usdt_promedio_compra": 612.05,
  "usdt_promedio_venta": 600.55,
  "timestamp": 1772997331.8531692,
  "human_date": "2026-03-08 19:15:52"
}