{
  "dolar": 419.9873,
  "euro": 495.60601336,
  "usdt": 611.69,
  "usdt_promedio_compra": 618.03,
  "usdt_promedio_venta": 597.28,
  "timestamp": 1772450724.197288,
  "human_date": "2026-03-02 11:25:28"
}