{
  "dolar": 446.8048,
  "euro": 511.22064801,
  "usdt": 626.0,
  "usdt_promedio_compra": 627.41,
  "usdt_promedio_venta": 615.16,
  "timestamp": 1773537286.0710533,
  "human_date": "2026-03-15 01:14:50"
}