{
  "dolar": 481.6989,
  "euro": 567.58099688,
  "usdt": 629.0,
  "usdt_promedio_compra": 631.98,
  "usdt_promedio_venta": 624.15,
  "timestamp": 1776793822.4244442,
  "human_date": "2026-04-21 17:50:26"
}