{
  "dolar": 471.7004,
  "euro": 543.94131626,
  "usdt": 653.651,
  "usdt_promedio_compra": 657.87,
  "usdt_promedio_venta": 645.94,
  "timestamp": 1774892580.8181007,
  "human_date": "2026-03-30 17:43:05"
}