{
  "dolar": 433.1664,
  "euro": 501.72797779,
  "usdt": 616.0,
  "usdt_promedio_compra": 648.34,
  "usdt_promedio_venta": 585.49,
  "timestamp": 1773035345.8551729,
  "human_date": "2026-03-09 05:49:10"
}