{
  "dolar": 479.7775,
  "euro": 565.9839212,
  "usdt": 624.107,
  "usdt_promedio_compra": 627.21,
  "usdt_promedio_venta": 616.31,
  "timestamp": 1776344465.5483267,
  "human_date": "2026-04-16 13:01:10"
}