{
  "dolar": 474.0598,
  "euro": 550.89541238,
  "usdt": 630.999,
  "usdt_promedio_compra": 633.02,
  "usdt_promedio_venta": 620.18,
  "timestamp": 1775351849.5533621,
  "human_date": "2026-04-05 01:17:37"
}