{
  "dolar": 474.0598,
  "euro": 550.89541238,
  "usdt": 634.5,
  "usdt_promedio_compra": 637.44,
  "usdt_promedio_venta": 628.93,
  "timestamp": 1775504623.318129,
  "human_date": "2026-04-06 19:43:47"
}