{
  "dolar": 475.9583,
  "euro": 556.51900185,
  "usdt": 635.7,
  "usdt_promedio_compra": 638.15,
  "usdt_promedio_venta": 629.2,
  "timestamp": 1775696805.1733983,
  "human_date": "2026-04-09 01:06:50"
}