{
  "dolar": 484.7404,
  "euro": 567.40318041,
  "usdt": 632.85,
  "usdt_promedio_compra": 634.11,
  "usdt_promedio_venta": 626.35,
  "timestamp": 1777211880.223806,
  "human_date": "2026-04-26 13:58:04"
}