{
  "dolar": 443.2587,
  "euro": 510.34147165,
  "usdt": 625.5,
  "usdt_promedio_compra": 627.16,
  "usdt_promedio_venta": 616.34,
  "timestamp": 1773400945.3555202,
  "human_date": "2026-03-13 11:22:29"
}