{
  "dolar": 476.4342,
  "euro": 556.66095493,
  "usdt": 635.9,
  "usdt_promedio_compra": 638.11,
  "usdt_promedio_venta": 625.44,
  "timestamp": 1775773792.9341028,
  "human_date": "2026-04-09 22:29:58"
}