{
  "dolar": 451.5072,
  "euro": 520.64198246,
  "usdt": 666.99,
  "usdt_promedio_compra": 670.22,
  "usdt_promedio_venta": 650.17,
  "timestamp": 1773830410.6597922,
  "human_date": "2026-03-18 10:40:15"
}