{
  "dolar": 481.2177,
  "euro": 568.51540295,
  "usdt": 622.0,
  "usdt_promedio_compra": 625.83,
  "usdt_promedio_venta": 609.75,
  "timestamp": 1776486137.999602,
  "human_date": "2026-04-18 04:22:23"
}