{
  "dolar": 433.1664,
  "euro": 501.72797779,
  "usdt": 609.9,
  "usdt_promedio_compra": 612.51,
  "usdt_promedio_venta": 601.5,
  "timestamp": 1773000804.27604,
  "human_date": "2026-03-08 20:13:45"
}