{
  "dolar": 478.5811,
  "euro": 564.97934598,
  "usdt": 629.5,
  "usdt_promedio_compra": 632.63,
  "usdt_promedio_venta": 623.06,
  "timestamp": 1776215923.137687,
  "human_date": "2026-04-15 01:18:47"
}