{
  "dolar": 481.6989,
  "euro": 567.58099688,
  "usdt": 628.5,
  "usdt_promedio_compra": 630.39,
  "usdt_promedio_venta": 621.67,
  "timestamp": 1776782646.6434674,
  "human_date": "2026-04-21 14:44:10"
}