{
  "dolar": 477.1488,
  "euro": 560.04863251,
  "usdt": 636.27,
  "usdt_promedio_compra": 637.59,
  "usdt_promedio_venta": 630.95,
  "timestamp": 1775935654.378649,
  "human_date": "2026-04-11 19:27:38"
}