{
  "dolar": 482.7586,
  "euro": 567.70963084,
  "usdt": 627.5,
  "usdt_promedio_compra": 632.32,
  "usdt_promedio_venta": 604.6,
  "timestamp": 1776846176.6202419,
  "human_date": "2026-04-22 08:23:01"
}