{
  "dolar": 433.1664,
  "euro": 501.72797779,
  "usdt": 616.0,
  "usdt_promedio_compra": 649.51,
  "usdt_promedio_venta": 576.01,
  "timestamp": 1773038834.7013407,
  "human_date": "2026-03-09 06:47:19"
}