{
  "dolar": 451.5072,
  "euro": 520.64198246,
  "usdt": 668.29,
  "usdt_promedio_compra": 671.6,
  "usdt_promedio_venta": 643.85,
  "timestamp": 1773807171.658484,
  "human_date": "2026-03-18 04:12:56"
}