{
  "dolar": 484.7404,
  "euro": 567.40318041,
  "usdt": 632.0,
  "usdt_promedio_compra": 633.12,
  "usdt_promedio_venta": 626.85,
  "timestamp": 1777224587.6388052,
  "human_date": "2026-04-26 17:29:52"
}