{
  "dolar": 438.205,
  "euro": 510.2108456,
  "usdt": 631.3,
  "usdt_promedio_compra": 633.26,
  "usdt_promedio_venta": 624.0,
  "timestamp": 1773250826.011403,
  "human_date": "2026-03-11 17:40:30"
}