{
  "dolar": 443.2587,
  "euro": 510.34147165,
  "usdt": 622.95,
  "usdt_promedio_compra": 625.7,
  "usdt_promedio_venta": 618.87,
  "timestamp": 1773409906.4070826,
  "human_date": "2026-03-13 13:51:50"
}