{
  "dolar": 482.7586,
  "euro": 567.70963084,
  "usdt": 627.0,
  "usdt_promedio_compra": 629.74,
  "usdt_promedio_venta": 606.09,
  "timestamp": 1776832615.5951984,
  "human_date": "2026-04-22 04:37:00"
}