{
  "dolar": 474.0598,
  "euro": 550.89541238,
  "usdt": 631.0,
  "usdt_promedio_compra": 637.26,
  "usdt_promedio_venta": 584.67,
  "timestamp": 1775387998.174251,
  "human_date": "2026-04-05 11:20:06"
}