{
  "dolar": 476.4342,
  "euro": 556.66095493,
  "usdt": 637.13,
  "usdt_promedio_compra": 639.12,
  "usdt_promedio_venta": 632.87,
  "timestamp": 1775835596.0478342,
  "human_date": "2026-04-10 15:40:00"
}