{
  "dolar": 471.7004,
  "euro": 543.94131626,
  "usdt": 669.5,
  "usdt_promedio_compra": 671.45,
  "usdt_promedio_venta": 664.03,
  "timestamp": 1774797620.729325,
  "human_date": "2026-03-29 15:20:25"
}