{
  "dolar": 477.6259,
  "euro": 559.20917997,
  "usdt": 642.0,
  "usdt_promedio_compra": 646.55,
  "usdt_promedio_venta": 637.89,
  "timestamp": 1776178022.9516892,
  "human_date": "2026-04-14 14:47:07"
}