{
  "dolar": 489.5547,
  "euro": 574.19381208,
  "usdt": 633.9,
  "usdt_promedio_compra": 639.87,
  "usdt_promedio_venta": 614.18,
  "timestamp": 1777885414.8685966,
  "human_date": "2026-05-04 09:03:39"
}