{
  "dolar": 485.2251,
  "euro": 569.29520082,
  "usdt": 646.999,
  "usdt_promedio_compra": 650.81,
  "usdt_promedio_venta": 639.58,
  "timestamp": 1777373557.001595,
  "human_date": "2026-04-28 10:52:41"
}