{
  "dolar": 433.1664,
  "euro": 501.72797779,
  "usdt": 613.99,
  "usdt_promedio_compra": 617.34,
  "usdt_promedio_venta": 611.4,
  "timestamp": 1773081396.3650815,
  "human_date": "2026-03-09 18:36:40"
}