{
  "dolar": 478.5811,
  "euro": 564.97934598,
  "usdt": 631.5,
  "usdt_promedio_compra": 641.66,
  "usdt_promedio_venta": 547.32,
  "timestamp": 1776241246.4799662,
  "human_date": "2026-04-15 08:20:50"
}