{
  "dolar": 440.9657,
  "euro": 510.48835226,
  "usdt": 627.207,
  "usdt_promedio_compra": 630.44,
  "usdt_promedio_venta": 622.79,
  "timestamp": 1773344067.6341004,
  "human_date": "2026-03-12 19:34:32"
}