{
  "dolar": 481.2177,
  "euro": 568.51540295,
  "usdt": 622.0,
  "usdt_promedio_compra": 624.04,
  "usdt_promedio_venta": 617.4,
  "timestamp": 1776606736.1544664,
  "human_date": "2026-04-19 13:52:20"
}