{
  "dolar": 484.7404,
  "euro": 567.40318041,
  "usdt": 631.4,
  "usdt_promedio_compra": 632.9,
  "usdt_promedio_venta": 627.0,
  "timestamp": 1777152373.499043,
  "human_date": "2026-04-25 21:26:17"
}