{
  "dolar": 457.0757,
  "euro": 527.7944523,
  "usdt": 659.997,
  "usdt_promedio_compra": 666.21,
  "usdt_promedio_venta": 651.69,
  "timestamp": 1774284217.1375124,
  "human_date": "2026-03-23 16:43:41"
}