{
  "dolar": 479.7775,
  "euro": 565.9839212,
  "usdt": 623.277,
  "usdt_promedio_compra": 625.74,
  "usdt_promedio_venta": 618.03,
  "timestamp": 1776369381.071642,
  "human_date": "2026-04-16 19:56:25"
}