{
  "dolar": 436.2419,
  "euro": 505.41677808,
  "usdt": 620.0,
  "usdt_promedio_compra": 622.27,
  "usdt_promedio_venta": 613.74,
  "timestamp": 1773161067.1376035,
  "human_date": "2026-03-10 16:44:32"
}