{
  "dolar": 457.0757,
  "euro": 527.7944523,
  "usdt": 657.0,
  "usdt_promedio_compra": 669.55,
  "usdt_promedio_venta": 623.13,
  "timestamp": 1774171280.5556676,
  "human_date": "2026-03-22 09:21:24"
}