{
  "dolar": 479.7775,
  "euro": 565.9839212,
  "usdt": 625.397,
  "usdt_promedio_compra": 627.1,
  "usdt_promedio_venta": 583.4,
  "timestamp": 1776314543.043156,
  "human_date": "2026-04-16 04:42:27"
}