{
  "dolar": 481.6989,
  "euro": 567.58099688,
  "usdt": 634.1,
  "usdt_promedio_compra": 641.02,
  "usdt_promedio_venta": 605.55,
  "timestamp": 1776759908.3963938,
  "human_date": "2026-04-21 08:25:13"
}