{
  "dolar": 489.5547,
  "euro": 574.19381208,
  "usdt": 632.2,
  "usdt_promedio_compra": 633.12,
  "usdt_promedio_venta": 625.64,
  "timestamp": 1777588785.991321,
  "human_date": "2026-04-30 22:39:50"
}