{
  "dolar": 474.0598,
  "euro": 550.89541238,
  "usdt": 656.0,
  "usdt_promedio_compra": 658.27,
  "usdt_promedio_venta": 648.48,
  "timestamp": 1775079135.7145612,
  "human_date": "2026-04-01 21:32:20"
}