{
  "dolar": 473.9176,
  "euro": 545.94833602,
  "usdt": 659.5,
  "usdt_promedio_compra": 670.23,
  "usdt_promedio_venta": 595.18,
  "timestamp": 1775024416.0381987,
  "human_date": "2026-04-01 06:20:20"
}