{
  "dolar": 486.1955,
  "euro": 569.42730764,
  "usdt": 645.1,
  "usdt_promedio_compra": 646.46,
  "usdt_promedio_venta": 638.52,
  "timestamp": 1777482866.7507339,
  "human_date": "2026-04-29 17:14:31"
}