{
  "dolar": 484.7404,
  "euro": 567.40318041,
  "usdt": 629.0,
  "usdt_promedio_compra": 631.12,
  "usdt_promedio_venta": 624.13,
  "timestamp": 1777120584.681871,
  "human_date": "2026-04-25 12:36:29"
}