{
  "dolar": 468.5145,
  "euro": 541.19046924,
  "usdt": 665.8,
  "usdt_promedio_compra": 667.38,
  "usdt_promedio_venta": 643.18,
  "timestamp": 1774585451.4257874,
  "human_date": "2026-03-27 04:24:15"
}