{
  "dolar": 471.7004,
  "euro": 543.94131626,
  "usdt": 655.999,
  "usdt_promedio_compra": 658.11,
  "usdt_promedio_venta": 645.37,
  "timestamp": 1774880377.1958215,
  "human_date": "2026-03-30 14:19:41"
}