{
  "dolar": 486.1955,
  "euro": 569.42730764,
  "usdt": 645.99,
  "usdt_promedio_compra": 647.84,
  "usdt_promedio_venta": 641.29,
  "timestamp": 1777409821.10632,
  "human_date": "2026-04-28 20:57:05"
}