{
  "dolar": 446.8048,
  "euro": 511.22064801,
  "usdt": 624.0,
  "usdt_promedio_compra": 625.66,
  "usdt_promedio_venta": 618.32,
  "timestamp": 1773508657.5861573,
  "human_date": "2026-03-14 17:17:42"
}