{
  "dolar": 476.4342,
  "euro": 556.66095493,
  "usdt": 636.399,
  "usdt_promedio_compra": 637.85,
  "usdt_promedio_venta": 628.35,
  "timestamp": 1775839146.4078968,
  "human_date": "2026-04-10 16:39:11"
}