{
  "dolar": 427.9302,
  "euro": 497.42178517,
  "usdt": 635.0,
  "usdt_promedio_compra": 641.14,
  "usdt_promedio_venta": 628.43,
  "timestamp": 1772672749.1620545,
  "human_date": "2026-03-05 01:05:53"
}