{
  "dolar": 483.3379,
  "euro": 567.01335724,
  "usdt": 628.0,
  "usdt_promedio_compra": 629.83,
  "usdt_promedio_venta": 622.29,
  "timestamp": 1776970375.2072423,
  "human_date": "2026-04-23 18:52:59"
}