{
  "dolar": 489.5547,
  "euro": 574.19381208,
  "usdt": 633.0,
  "usdt_promedio_compra": 639.57,
  "usdt_promedio_venta": 617.07,
  "timestamp": 1777804274.4972768,
  "human_date": "2026-05-03 10:31:19"
}