{
  "dolar": 483.8695,
  "euro": 566.84344186,
  "usdt": 628.9,
  "usdt_promedio_compra": 630.76,
  "usdt_promedio_venta": 623.95,
  "timestamp": 1777059744.2059262,
  "human_date": "2026-04-24 19:42:28"
}