{
  "dolar": 462.6687,
  "euro": 536.09422269,
  "usdt": 670.0,
  "usdt_promedio_compra": 682.38,
  "usdt_promedio_venta": 652.02,
  "timestamp": 1774418028.7863932,
  "human_date": "2026-03-25 05:53:53"
}