{
  "dolar": 431.0113,
  "euro": 499.61536862,
  "usdt": 629.7,
  "usdt_promedio_compra": 632.56,
  "usdt_promedio_venta": 620.7,
  "timestamp": 1772754216.3166366,
  "human_date": "2026-03-05 23:43:41"
}