{
  "dolar": 468.5145,
  "euro": 541.19046924,
  "usdt": 662.99,
  "usdt_promedio_compra": 664.38,
  "usdt_promedio_venta": 655.88,
  "timestamp": 1774629654.724061,
  "human_date": "2026-03-27 16:40:59"
}