{
  "dolar": 489.5547,
  "euro": 574.19381208,
  "usdt": 631.95,
  "usdt_promedio_compra": 634.74,
  "usdt_promedio_venta": 626.96,
  "timestamp": 1777653747.4522371,
  "human_date": "2026-05-01 16:42:32"
}