{
  "dolar": 468.5145,
  "euro": 541.19046924,
  "usdt": 665.4,
  "usdt_promedio_compra": 673.24,
  "usdt_promedio_venta": 629.82,
  "timestamp": 1774597939.159459,
  "human_date": "2026-03-27 07:52:23"
}