{
  "dolar": 474.0598,
  "euro": 550.89541238,
  "usdt": 642.4,
  "usdt_promedio_compra": 650.93,
  "usdt_promedio_venta": 589.56,
  "timestamp": 1775294822.355953,
  "human_date": "2026-04-04 09:27:10"
}