{
  "dolar": 476.4342,
  "euro": 556.66095493,
  "usdt": 635.96,
  "usdt_promedio_compra": 638.3,
  "usdt_promedio_venta": 630.31,
  "timestamp": 1775830129.4822114,
  "human_date": "2026-04-10 14:08:53"
}