{
  "dolar": 440.9657,
  "euro": 510.48835226,
  "usdt": 627.0,
  "usdt_promedio_compra": 629.11,
  "usdt_promedio_venta": 622.02,
  "timestamp": 1773346932.757944,
  "human_date": "2026-03-12 20:22:16"
}