{
  "dolar": 433.1664,
  "euro": 501.72797779,
  "usdt": 605.8,
  "usdt_promedio_compra": 610.22,
  "usdt_promedio_venta": 597.18,
  "timestamp": 1772931961.472447,
  "human_date": "2026-03-08 01:06:16"
}