{
  "dolar": 476.4342,
  "euro": 556.66095493,
  "usdt": 634.708,
  "usdt_promedio_compra": 637.23,
  "usdt_promedio_venta": 629.03,
  "timestamp": 1775821137.3639445,
  "human_date": "2026-04-10 11:39:02"
}