{
  "dolar": 446.8048,
  "euro": 511.22064801,
  "usdt": 626.3,
  "usdt_promedio_compra": 633.27,
  "usdt_promedio_venta": 613.41,
  "timestamp": 1773548556.897344,
  "human_date": "2026-03-15 04:22:41"
}