{
  "dolar": 484.7404,
  "euro": 567.40318041,
  "usdt": 631.999,
  "usdt_promedio_compra": 632.63,
  "usdt_promedio_venta": 626.09,
  "timestamp": 1777145804.6261375,
  "human_date": "2026-04-25 19:36:48"
}