{
  "dolar": 477.1488,
  "euro": 560.04863251,
  "usdt": 637.8,
  "usdt_promedio_compra": 639.33,
  "usdt_promedio_venta": 630.56,
  "timestamp": 1775869945.230068,
  "human_date": "2026-04-11 01:12:29"
}