{
  "dolar": 474.0598,
  "euro": 550.89541238,
  "usdt": 636.35,
  "usdt_promedio_compra": 640.54,
  "usdt_promedio_venta": 635.04,
  "timestamp": 1775514244.8293633,
  "human_date": "2026-04-06 22:24:28"
}