{
  "dolar": 474.0598,
  "euro": 550.89541238,
  "usdt": 634.5,
  "usdt_promedio_compra": 638.59,
  "usdt_promedio_venta": 630.83,
  "timestamp": 1775510884.564202,
  "human_date": "2026-04-06 21:28:08"
}