{
  "dolar": 446.8048,
  "euro": 511.22064801,
  "usdt": 624.62,
  "usdt_promedio_compra": 628.06,
  "usdt_promedio_venta": 619.23,
  "timestamp": 1773436999.9253023,
  "human_date": "2026-03-13 21:23:24"
}