{
  "dolar": 474.0598,
  "euro": 550.89541238,
  "usdt": 652.997,
  "usdt_promedio_compra": 654.28,
  "usdt_promedio_venta": 647.97,
  "timestamp": 1775151600.217297,
  "human_date": "2026-04-02 17:40:05"
}