{
  "dolar": 481.2177,
  "euro": 568.51540295,
  "usdt": 633.5,
  "usdt_promedio_compra": 634.97,
  "usdt_promedio_venta": 626.79,
  "timestamp": 1776714789.7462714,
  "human_date": "2026-04-20 19:53:14"
}