{
  "dolar": 457.0757,
  "euro": 527.7944523,
  "usdt": 656.8,
  "usdt_promedio_compra": 658.28,
  "usdt_promedio_venta": 649.58,
  "timestamp": 1774141754.4870067,
  "human_date": "2026-03-22 01:09:18"
}