{
  "dolar": 471.7004,
  "euro": 543.94131626,
  "usdt": 668.39,
  "usdt_promedio_compra": 677.83,
  "usdt_promedio_venta": 647.86,
  "timestamp": 1774680222.8242142,
  "human_date": "2026-03-28 06:43:47"
}