{
  "dolar": 471.7004,
  "euro": 543.94131626,
  "usdt": 668.8,
  "usdt_promedio_compra": 676.76,
  "usdt_promedio_venta": 642.37,
  "timestamp": 1774776369.853595,
  "human_date": "2026-03-29 09:26:14"
}