{
  "dolar": 474.0598,
  "euro": 550.89541238,
  "usdt": 654.6,
  "usdt_promedio_compra": 656.21,
  "usdt_promedio_venta": 648.31,
  "timestamp": 1775161416.2170475,
  "human_date": "2026-04-02 20:23:41"
}