{
  "dolar": 419.9873,
  "euro": 495.60601336,
  "usdt": 608.0,
  "usdt_promedio_compra": 611.88,
  "usdt_promedio_venta": 584.62,
  "timestamp": 1772363473.2748833,
  "human_date": "2026-03-01 11:11:17"
}