{
  "dolar": 457.0757,
  "euro": 527.7944523,
  "usdt": 657.2,
  "usdt_promedio_compra": 659.61,
  "usdt_promedio_venta": 650.62,
  "timestamp": 1774048703.5128808,
  "human_date": "2026-03-20 23:18:27"
}