{
  "dolar": 455.2547,
  "euro": 524.50804496,
  "usdt": 662.0,
  "usdt_promedio_compra": 684.45,
  "usdt_promedio_venta": 627.42,
  "timestamp": 1773985379.0907872,
  "human_date": "2026-03-20 05:43:03"
}