{
  "dolar": 466.6014,
  "euro": 540.17044273,
  "usdt": 674.9,
  "usdt_promedio_compra": 677.61,
  "usdt_promedio_venta": 665.42,
  "timestamp": 1774487661.5029042,
  "human_date": "2026-03-26 01:14:25"
}