{
  "dolar": 474.0598,
  "euro": 550.89541238,
  "usdt": 654.0,
  "usdt_promedio_compra": 656.81,
  "usdt_promedio_venta": 646.62,
  "timestamp": 1775092331.9730413,
  "human_date": "2026-04-02 01:12:16"
}