{
  "dolar": 477.1488,
  "euro": 560.04863251,
  "usdt": 637.897,
  "usdt_promedio_compra": 640.64,
  "usdt_promedio_venta": 633.54,
  "timestamp": 1775856372.448466,
  "human_date": "2026-04-10 21:26:17"
}