{
  "dolar": 477.1488,
  "euro": 560.04863251,
  "usdt": 631.9,
  "usdt_promedio_compra": 634.33,
  "usdt_promedio_venta": 624.77,
  "timestamp": 1775956903.3778229,
  "human_date": "2026-04-12 01:21:47"
}