{
  "dolar": 427.9302,
  "euro": 497.42178517,
  "usdt": 631.698,
  "usdt_promedio_compra": 635.15,
  "usdt_promedio_venta": 620.1,
  "timestamp": 1772666396.8043342,
  "human_date": "2026-03-04 23:20:01"
}