{
  "dolar": 471.7004,
  "euro": 543.94131626,
  "usdt": 666.9,
  "usdt_promedio_compra": 670.07,
  "usdt_promedio_venta": 649.75,
  "timestamp": 1774693240.184551,
  "human_date": "2026-03-28 10:20:44"
}