{
  "dolar": 457.0757,
  "euro": 527.7944523,
  "usdt": 656.999,
  "usdt_promedio_compra": 673.29,
  "usdt_promedio_venta": 611.36,
  "timestamp": 1774077942.6886482,
  "human_date": "2026-03-21 07:25:47"
}