{
  "dolar": 427.9302,
  "euro": 497.42178517,
  "usdt": 634.9,
  "usdt_promedio_compra": 637.59,
  "usdt_promedio_venta": 628.66,
  "timestamp": 1772714062.295873,
  "human_date": "2026-03-05 12:34:26"
}