{
  "dolar": 425.6741,
  "euro": 491.49182934,
  "usdt": 626.99,
  "usdt_promedio_compra": 631.06,
  "usdt_promedio_venta": 620.86,
  "timestamp": 1772634653.018958,
  "human_date": "2026-03-04 14:30:58"
}