{
  "dolar": 474.0598,
  "euro": 550.89541238,
  "usdt": 642.0,
  "usdt_promedio_compra": 650.26,
  "usdt_promedio_venta": 596.56,
  "timestamp": 1775288439.7045944,
  "human_date": "2026-04-04 07:40:43"
}