{
  "dolar": 438.205,
  "euro": 510.2108456,
  "usdt": 623.0,
  "usdt_promedio_compra": 627.81,
  "usdt_promedio_venta": 621.93,
  "timestamp": 1773237455.980454,
  "human_date": "2026-03-11 13:57:40"
}