{
  "dolar": 457.0757,
  "euro": 527.7944523,
  "usdt": 662.0,
  "usdt_promedio_compra": 663.74,
  "usdt_promedio_venta": 654.0,
  "timestamp": 1774301141.9033732,
  "human_date": "2026-03-23 21:25:46"
}