{
  "dolar": 462.6687,
  "euro": 536.09422269,
  "usdt": 679.4,
  "usdt_promedio_compra": 681.41,
  "usdt_promedio_venta": 672.39,
  "timestamp": 1774461577.3891087,
  "human_date": "2026-03-25 17:59:41"
}