{
  "dolar": 431.0113,
  "euro": 499.61536862,
  "usdt": 617.0,
  "usdt_promedio_compra": 622.79,
  "usdt_promedio_venta": 611.25,
  "timestamp": 1772810787.9866123,
  "human_date": "2026-03-06 15:26:32"
}