{
  "dolar": 433.1664,
  "euro": 501.72797779,
  "usdt": 609.0,
  "usdt_promedio_compra": 616.29,
  "usdt_promedio_venta": 580.73,
  "timestamp": 1772948131.3933904,
  "human_date": "2026-03-08 05:35:35"
}