{
  "dolar": 483.3379,
  "euro": 567.01335724,
  "usdt": 630.0,
  "usdt_promedio_compra": 632.78,
  "usdt_promedio_venta": 625.94,
  "timestamp": 1776891467.8856747,
  "human_date": "2026-04-22 20:57:53"
}