{
  "dolar": 481.2177,
  "euro": 568.51540295,
  "usdt": 622.1,
  "usdt_promedio_compra": 624.15,
  "usdt_promedio_venta": 616.96,
  "timestamp": 1776540798.7388802,
  "human_date": "2026-04-18 19:33:23"
}