{
  "dolar": 462.6687,
  "euro": 536.09422269,
  "usdt": 679.8,
  "usdt_promedio_compra": 681.69,
  "usdt_promedio_venta": 670.34,
  "timestamp": 1774465000.6351628,
  "human_date": "2026-03-25 18:56:45"
}