{
  "dolar": 438.205,
  "euro": 510.2108456,
  "usdt": 624.9,
  "usdt_promedio_compra": 627.75,
  "usdt_promedio_venta": 618.04,
  "timestamp": 1773228295.499377,
  "human_date": "2026-03-11 11:24:59"
}