{
  "dolar": 480.2572,
  "euro": 565.41160413,
  "usdt": 620.0,
  "usdt_promedio_compra": 621.85,
  "usdt_promedio_venta": 613.84,
  "timestamp": 1776458029.129176,
  "human_date": "2026-04-17 20:33:53"
}