{
  "dolar": 459.4525,
  "euro": 533.45651417,
  "usdt": 661.5,
  "usdt_promedio_compra": 673.23,
  "usdt_promedio_venta": 624.08,
  "timestamp": 1774341471.575084,
  "human_date": "2026-03-24 08:37:56"
}