{
  "dolar": 483.8695,
  "euro": 566.84344186,
  "usdt": 628.0,
  "usdt_promedio_compra": 629.9,
  "usdt_promedio_venta": 625.18,
  "timestamp": 1777035323.1318746,
  "human_date": "2026-04-24 12:55:27"
}