{
  "dolar": 471.7004,
  "euro": 543.94131626,
  "usdt": 669.8,
  "usdt_promedio_compra": 672.15,
  "usdt_promedio_venta": 664.22,
  "timestamp": 1774794237.8393013,
  "human_date": "2026-03-29 14:24:02"
}