{
  "dolar": 438.205,
  "euro": 510.2108456,
  "usdt": 626.0,
  "usdt_promedio_compra": 639.27,
  "usdt_promedio_venta": 605.54,
  "timestamp": 1773217642.834903,
  "human_date": "2026-03-11 08:27:27"
}