{
  "dolar": 436.2419,
  "euro": 505.41677808,
  "usdt": 617.5,
  "usdt_promedio_compra": 619.27,
  "usdt_promedio_venta": 609.47,
  "timestamp": 1773150836.7253132,
  "human_date": "2026-03-10 13:54:00"
}