{
  "dolar": 446.8048,
  "euro": 511.22064801,
  "usdt": 625.35,
  "usdt_promedio_compra": 627.09,
  "usdt_promedio_venta": 618.87,
  "timestamp": 1773530211.3248343,
  "human_date": "2026-03-14 23:16:55"
}