{
  "dolar": 489.5547,
  "euro": 574.19381208,
  "usdt": 632.998,
  "usdt_promedio_compra": 634.38,
  "usdt_promedio_venta": 626.89,
  "timestamp": 1777829083.1509476,
  "human_date": "2026-05-03 17:24:48"
}