{
  "dolar": 462.6687,
  "euro": 536.09422269,
  "usdt": 679.0,
  "usdt_promedio_compra": 683.61,
  "usdt_promedio_venta": 671.81,
  "timestamp": 1774470431.3126774,
  "human_date": "2026-03-25 20:27:16"
}