{
  "dolar": 451.5072,
  "euro": 520.64198246,
  "usdt": 668.0,
  "usdt_promedio_compra": 669.78,
  "usdt_promedio_venta": 660.74,
  "timestamp": 1773869087.1799736,
  "human_date": "2026-03-18 21:24:51"
}