{
  "dolar": 455.2547,
  "euro": 524.50804496,
  "usdt": 662.0,
  "usdt_promedio_compra": 686.99,
  "usdt_promedio_venta": 624.58,
  "timestamp": 1773992292.194329,
  "human_date": "2026-03-20 07:38:16"
}