{
  "dolar": 481.2177,
  "euro": 568.51540295,
  "usdt": 620.0,
  "usdt_promedio_compra": 621.83,
  "usdt_promedio_venta": 614.81,
  "timestamp": 1776690109.326393,
  "human_date": "2026-04-20 13:01:53"
}