{
  "dolar": 433.1664,
  "euro": 501.72797779,
  "usdt": 605.95,
  "usdt_promedio_compra": 607.65,
  "usdt_promedio_venta": 598.2,
  "timestamp": 1772917882.7937078,
  "human_date": "2026-03-07 21:11:27"
}