{
  "dolar": 477.1488,
  "euro": 560.04863251,
  "usdt": 639.5,
  "usdt_promedio_compra": 646.08,
  "usdt_promedio_venta": 616.23,
  "timestamp": 1775899792.8072793,
  "human_date": "2026-04-11 09:29:57"
}