{
  "dolar": 457.0757,
  "euro": 527.7944523,
  "usdt": 657.999,
  "usdt_promedio_compra": 659.72,
  "usdt_promedio_venta": 630.32,
  "timestamp": 1774259539.6516402,
  "human_date": "2026-03-23 09:52:24"
}