{
  "dolar": 484.7404,
  "euro": 567.40318041,
  "usdt": 630.7,
  "usdt_promedio_compra": 632.16,
  "usdt_promedio_venta": 624.53,
  "timestamp": 1777292064.4463093,
  "human_date": "2026-04-27 12:14:28"
}