{
  "dolar": 440.9657,
  "euro": 510.48835226,
  "usdt": 632.0,
  "usdt_promedio_compra": 634.86,
  "usdt_promedio_venta": 623.8,
  "timestamp": 1773277125.249156,
  "human_date": "2026-03-12 00:58:49"
}