{
  "dolar": 471.7004,
  "euro": 543.94131626,
  "usdt": 667.5,
  "usdt_promedio_compra": 677.48,
  "usdt_promedio_venta": 647.87,
  "timestamp": 1774689992.88485,
  "human_date": "2026-03-28 09:26:37"
}