{
  "dolar": 433.1664,
  "euro": 501.72797779,
  "usdt": 608.0,
  "usdt_promedio_compra": 613.0,
  "usdt_promedio_venta": 581.78,
  "timestamp": 1772968313.4598157,
  "human_date": "2026-03-08 11:11:57"
}