{
  "dolar": 451.5072,
  "euro": 520.64198246,
  "usdt": 668.4,
  "usdt_promedio_compra": 675.43,
  "usdt_promedio_venta": 638.2,
  "timestamp": 1773826859.7072031,
  "human_date": "2026-03-18 09:41:04"
}