{
  "dolar": 474.5338,
  "euro": 547.55980648,
  "usdt": 631.0,
  "usdt_promedio_compra": 632.67,
  "usdt_promedio_venta": 624.51,
  "timestamp": 1775584015.4580522,
  "human_date": "2026-04-07 17:47:00"
}