{
  "dolar": 483.8695,
  "euro": 566.84344186,
  "usdt": 631.89,
  "usdt_promedio_compra": 644.47,
  "usdt_promedio_venta": 610.46,
  "timestamp": 1777013838.9207351,
  "human_date": "2026-04-24 06:57:23"
}