{
  "dolar": 431.0113,
  "euro": 499.61536862,
  "usdt": 628.2,
  "usdt_promedio_compra": 634.77,
  "usdt_promedio_venta": 614.86,
  "timestamp": 1772792601.5941024,
  "human_date": "2026-03-06 10:23:25"
}