{
  "dolar": 433.1664,
  "euro": 501.72797779,
  "usdt": 618.0,
  "usdt_promedio_compra": 620.57,
  "usdt_promedio_venta": 604.52,
  "timestamp": 1772881862.9097388,
  "human_date": "2026-03-07 11:11:07"
}