{
  "dolar": 477.1488,
  "euro": 560.04863251,
  "usdt": 632.99,
  "usdt_promedio_compra": 639.51,
  "usdt_promedio_venta": 598.33,
  "timestamp": 1775974653.5096974,
  "human_date": "2026-04-12 06:17:37"
}