{
  "dolar": 477.1488,
  "euro": 560.04863251,
  "usdt": 632.99,
  "usdt_promedio_compra": 641.24,
  "usdt_promedio_venta": 561.27,
  "timestamp": 1775983035.7199678,
  "human_date": "2026-04-12 08:37:20"
}