{
  "dolar": 459.4525,
  "euro": 533.45651417,
  "usdt": 667.9,
  "usdt_promedio_compra": 669.58,
  "usdt_promedio_venta": 660.3,
  "timestamp": 1774387628.1299658,
  "human_date": "2026-03-24 21:27:12"
}