{
  "dolar": 486.1955,
  "euro": 569.42730764,
  "usdt": 644.74,
  "usdt_promedio_compra": 646.71,
  "usdt_promedio_venta": 638.78,
  "timestamp": 1777495795.1746085,
  "human_date": "2026-04-29 20:49:59"
}