{
  "dolar": 425.6741,
  "euro": 491.49182934,
  "usdt": 628.7,
  "usdt_promedio_compra": 630.96,
  "usdt_promedio_venta": 618.13,
  "timestamp": 1772623299.239996,
  "human_date": "2026-03-04 11:21:43"
}