{
  "dolar": 433.1664,
  "euro": 501.72797779,
  "usdt": 619.0,
  "usdt_promedio_compra": 645.21,
  "usdt_promedio_venta": 585.35,
  "timestamp": 1773029142.9669085,
  "human_date": "2026-03-09 04:05:47"
}