{
  "dolar": 474.0598,
  "euro": 550.89541238,
  "usdt": 639.899,
  "usdt_promedio_compra": 643.96,
  "usdt_promedio_venta": 628.99,
  "timestamp": 1775489776.723927,
  "human_date": "2026-04-06 15:36:21"
}