{
  "dolar": 489.5547,
  "euro": 574.19381208,
  "usdt": 632.378,
  "usdt_promedio_compra": 633.45,
  "usdt_promedio_venta": 625.96,
  "timestamp": 1777585477.7669823,
  "human_date": "2026-04-30 21:44:42"
}