{
  "dolar": 477.6259,
  "euro": 559.20917997,
  "usdt": 643.0,
  "usdt_promedio_compra": 645.49,
  "usdt_promedio_venta": 637.91,
  "timestamp": 1776197056.9370303,
  "human_date": "2026-04-14 20:04:21"
}