{
  "dolar": 421.8772,
  "euro": 493.53726119,
  "usdt": 618.977,
  "usdt_promedio_compra": 630.58,
  "usdt_promedio_venta": 608.86,
  "timestamp": 1772533682.5473394,
  "human_date": "2026-03-03 10:28:06"
}