{
  "dolar": 433.1664,
  "euro": 501.72797779,
  "usdt": 614.78,
  "usdt_promedio_compra": 620.77,
  "usdt_promedio_venta": 606.29,
  "timestamp": 1773055636.6282268,
  "human_date": "2026-03-09 11:27:40"
}