{
  "dolar": 431.0113,
  "euro": 499.61536862,
  "usdt": 618.8,
  "usdt_promedio_compra": 621.5,
  "usdt_promedio_venta": 610.72,
  "timestamp": 1772831936.9139113,
  "human_date": "2026-03-06 21:19:01"
}