{
  "dolar": 489.5547,
  "euro": 574.19381208,
  "usdt": 643.8,
  "usdt_promedio_compra": 647.29,
  "usdt_promedio_venta": 639.04,
  "timestamp": 1777923750.2095807,
  "human_date": "2026-05-04 19:42:34"
}