{
  "dolar": 433.1664,
  "euro": 501.72797779,
  "usdt": 614.899,
  "usdt_promedio_compra": 616.21,
  "usdt_promedio_venta": 607.84,
  "timestamp": 1772896342.5301893,
  "human_date": "2026-03-07 15:12:26"
}