{
  "dolar": 427.9302,
  "euro": 497.42178517,
  "usdt": 637.97,
  "usdt_promedio_compra": 641.9,
  "usdt_promedio_venta": 614.27,
  "timestamp": 1772703124.2333822,
  "human_date": "2026-03-05 09:32:08"
}