{
  "dolar": 477.1488,
  "euro": 560.04863251,
  "usdt": 630.948,
  "usdt_promedio_compra": 633.31,
  "usdt_promedio_venta": 626.91,
  "timestamp": 1776106711.256531,
  "human_date": "2026-04-13 18:58:35"
}