{
  "dolar": 487.1192,
  "euro": 569.76384347,
  "usdt": 632.0,
  "usdt_promedio_compra": 633.36,
  "usdt_promedio_venta": 625.94,
  "timestamp": 1777565703.0158856,
  "human_date": "2026-04-30 16:15:08"
}