{
  "dolar": 457.0757,
  "euro": 527.7944523,
  "usdt": 654.0,
  "usdt_promedio_compra": 657.37,
  "usdt_promedio_venta": 635.79,
  "timestamp": 1774182326.544886,
  "human_date": "2026-03-22 12:25:31"
}