{
  "dolar": 478.5811,
  "euro": 564.97934598,
  "usdt": 629.7,
  "usdt_promedio_compra": 632.35,
  "usdt_promedio_venta": 621.65,
  "timestamp": 1776257778.4438124,
  "human_date": "2026-04-15 12:56:23"
}