{
  "dolar": 431.0113,
  "euro": 499.61536862,
  "usdt": 629.9,
  "usdt_promedio_compra": 640.21,
  "usdt_promedio_venta": 592.46,
  "timestamp": 1772789239.6035478,
  "human_date": "2026-03-06 09:27:24"
}