{
  "dolar": 433.1664,
  "euro": 501.72797779,
  "usdt": 618.0,
  "usdt_promedio_compra": 626.48,
  "usdt_promedio_venta": 586.79,
  "timestamp": 1772864684.904345,
  "human_date": "2026-03-07 06:24:49"
}