{
  "dolar": 481.2177,
  "euro": 568.51540295,
  "usdt": 622.998,
  "usdt_promedio_compra": 623.71,
  "usdt_promedio_venta": 615.52,
  "timestamp": 1776561881.2106931,
  "human_date": "2026-04-19 01:24:45"
}