{
  "dolar": 474.0598,
  "euro": 550.89541238,
  "usdt": 631.499,
  "usdt_promedio_compra": 641.48,
  "usdt_promedio_venta": 608.5,
  "timestamp": 1775363240.7564642,
  "human_date": "2026-04-05 04:27:25"
}