{
  "dolar": 474.0598,
  "euro": 550.89541238,
  "usdt": 631.9,
  "usdt_promedio_compra": 635.27,
  "usdt_promedio_venta": 625.42,
  "timestamp": 1775427515.0993946,
  "human_date": "2026-04-05 22:18:39"
}