{
  "dolar": 433.1664,
  "euro": 501.72797779,
  "usdt": 611.3,
  "usdt_promedio_compra": 617.3,
  "usdt_promedio_venta": 601.53,
  "timestamp": 1773011598.5735245,
  "human_date": "2026-03-08 23:13:29"
}