{
  "dolar": 433.1664,
  "euro": 501.72797779,
  "usdt": 614.951,
  "usdt_promedio_compra": 617.21,
  "usdt_promedio_venta": 609.35,
  "timestamp": 1772890318.335806,
  "human_date": "2026-03-07 13:32:02"
}