{
  "dolar": 419.9873,
  "euro": 495.60601336,
  "usdt": 606.95,
  "usdt_promedio_compra": 609.62,
  "usdt_promedio_venta": 600.48,
  "timestamp": 1772403153.4661958,
  "human_date": "2026-03-01 22:12:37"
}