{
  "dolar": 457.0757,
  "euro": 527.7944523,
  "usdt": 660.79,
  "usdt_promedio_compra": 664.73,
  "usdt_promedio_venta": 652.99,
  "timestamp": 1774287739.7231863,
  "human_date": "2026-03-23 17:42:24"
}