{
  "dolar": 481.6989,
  "euro": 567.58099688,
  "usdt": 634.0,
  "usdt_promedio_compra": 636.4,
  "usdt_promedio_venta": 618.18,
  "timestamp": 1776766122.736031,
  "human_date": "2026-04-21 10:08:47"
}