{
  "dolar": 419.9873,
  "euro": 495.60601336,
  "usdt": 615.0,
  "usdt_promedio_compra": 666.44,
  "usdt_promedio_venta": 558.33,
  "timestamp": 1772437293.7667265,
  "human_date": "2026-03-02 07:41:38"
}