{
  "dolar": 440.9657,
  "euro": 510.48835226,
  "usdt": 631.5,
  "usdt_promedio_compra": 635.44,
  "usdt_promedio_venta": 591.07,
  "timestamp": 1773301120.226504,
  "human_date": "2026-03-12 07:38:45"
}