{
  "dolar": 471.7004,
  "euro": 543.94131626,
  "usdt": 668.0,
  "usdt_promedio_compra": 670.92,
  "usdt_promedio_venta": 651.3,
  "timestamp": 1774764348.120006,
  "human_date": "2026-03-29 06:05:52"
}