{
  "dolar": 448.3686,
  "euro": 514.97823921,
  "usdt": 653.0,
  "usdt_promedio_compra": 659.03,
  "usdt_promedio_venta": 639.08,
  "timestamp": 1773720417.2363842,
  "human_date": "2026-03-17 04:07:02"
}