{
  "dolar": 481.2177,
  "euro": 568.51540295,
  "usdt": 621.999,
  "usdt_promedio_compra": 624.25,
  "usdt_promedio_venta": 612.22,
  "timestamp": 1776511563.1235952,
  "human_date": "2026-04-18 11:26:07"
}