{
  "dolar": 477.1488,
  "euro": 560.04863251,
  "usdt": 631.97,
  "usdt_promedio_compra": 633.15,
  "usdt_promedio_venta": 625.15,
  "timestamp": 1776022273.2679708,
  "human_date": "2026-04-12 19:31:17"
}