{
  "dolar": 485.2251,
  "euro": 569.29520082,
  "usdt": 648.5,
  "usdt_promedio_compra": 665.3,
  "usdt_promedio_venta": 631.66,
  "timestamp": 1777353658.7769895,
  "human_date": "2026-04-28 05:21:03"
}