{
  "dolar": 481.6989,
  "euro": 567.58099688,
  "usdt": 632.0,
  "usdt_promedio_compra": 639.0,
  "usdt_promedio_venta": 604.24,
  "timestamp": 1776752872.2645338,
  "human_date": "2026-04-21 06:27:56"
}