{
  "dolar": 421.8772,
  "euro": 493.53726119,
  "usdt": 617.999,
  "usdt_promedio_compra": 619.67,
  "usdt_promedio_venta": 610.01,
  "timestamp": 1772493303.8543973,
  "human_date": "2026-03-02 23:15:08"
}