{
  "dolar": 446.8048,
  "euro": 511.22064801,
  "usdt": 649.8,
  "usdt_promedio_compra": 653.17,
  "usdt_promedio_venta": 644.78,
  "timestamp": 1773692771.9777017,
  "human_date": "2026-03-16 20:26:16"
}