{
  "dolar": 431.0113,
  "euro": 499.61536862,
  "usdt": 618.2,
  "usdt_promedio_compra": 619.66,
  "usdt_promedio_venta": 611.34,
  "timestamp": 1772828353.230824,
  "human_date": "2026-03-06 20:19:17"
}