{
  "dolar": 446.8048,
  "euro": 511.22064801,
  "usdt": 627.0,
  "usdt_promedio_compra": 632.44,
  "usdt_promedio_venta": 615.14,
  "timestamp": 1773573364.669391,
  "human_date": "2026-03-15 11:16:09"
}