{
  "dolar": 446.8048,
  "euro": 511.22064801,
  "usdt": 628.0,
  "usdt_promedio_compra": 631.84,
  "usdt_promedio_venta": 621.48,
  "timestamp": 1773584422.2807987,
  "human_date": "2026-03-15 14:20:26"
}