{
  "dolar": 468.5145,
  "euro": 541.19046924,
  "usdt": 663.7,
  "usdt_promedio_compra": 666.04,
  "usdt_promedio_venta": 647.58,
  "timestamp": 1774607808.6732407,
  "human_date": "2026-03-27 10:36:53"
}