{
  "dolar": 487.1192,
  "euro": 569.76384347,
  "usdt": 635.2,
  "usdt_promedio_compra": 644.1,
  "usdt_promedio_venta": 604.18,
  "timestamp": 1777535995.198436,
  "human_date": "2026-04-30 07:59:59"
}