{
  "dolar": 480.2572,
  "euro": 565.41160413,
  "usdt": 625.4,
  "usdt_promedio_compra": 632.73,
  "usdt_promedio_venta": 600.49,
  "timestamp": 1776413993.4897351,
  "human_date": "2026-04-17 08:19:58"
}