{
  "dolar": 478.5811,
  "euro": 564.97934598,
  "usdt": 627.7,
  "usdt_promedio_compra": 628.19,
  "usdt_promedio_venta": 619.93,
  "timestamp": 1776289253.9421926,
  "human_date": "2026-04-15 21:40:58"
}