{
  "dolar": 433.1664,
  "euro": 501.72797779,
  "usdt": 608.599,
  "usdt_promedio_compra": 612.27,
  "usdt_promedio_venta": 605.27,
  "timestamp": 1772903518.0338974,
  "human_date": "2026-03-07 17:12:02"
}