{
  "dolar": 433.1664,
  "euro": 501.72797779,
  "usdt": 608.5,
  "usdt_promedio_compra": 615.6,
  "usdt_promedio_venta": 561.23,
  "timestamp": 1772961505.3915308,
  "human_date": "2026-03-08 09:18:29"
}