{
  "dolar": 489.5547,
  "euro": 574.19381208,
  "usdt": 631.8,
  "usdt_promedio_compra": 633.2,
  "usdt_promedio_venta": 624.85,
  "timestamp": 1777763415.7594752,
  "human_date": "2026-05-02 23:10:20"
}