{
  "dolar": 436.2419,
  "euro": 505.41677808,
  "usdt": 616.5,
  "usdt_promedio_compra": 618.22,
  "usdt_promedio_venta": 609.62,
  "timestamp": 1773153549.0503542,
  "human_date": "2026-03-10 14:39:13"
}