{
  "dolar": 448.3686,
  "euro": 514.97823921,
  "usdt": 654.3,
  "usdt_promedio_compra": 670.11,
  "usdt_promedio_venta": 615.28,
  "timestamp": 1773736690.01888,
  "human_date": "2026-03-17 08:38:14"
}