{
  "dolar": 451.5072,
  "euro": 520.64198246,
  "usdt": 663.9,
  "usdt_promedio_compra": 666.21,
  "usdt_promedio_venta": 657.97,
  "timestamp": 1773849560.5592422,
  "human_date": "2026-03-18 15:59:24"
}