{
  "dolar": 480.2572,
  "euro": 565.41160413,
  "usdt": 625.4,
  "usdt_promedio_compra": 630.31,
  "usdt_promedio_venta": 593.81,
  "timestamp": 1776407247.542603,
  "human_date": "2026-04-17 06:27:31"
}