{
  "dolar": 436.2419,
  "euro": 505.41677808,
  "usdt": 623.9,
  "usdt_promedio_compra": 655.38,
  "usdt_promedio_venta": 587.3,
  "timestamp": 1773124468.0500526,
  "human_date": "2026-03-10 06:34:32"
}