{
  "dolar": 474.0598,
  "euro": 550.89541238,
  "usdt": 652.499,
  "usdt_promedio_compra": 653.73,
  "usdt_promedio_venta": 647.59,
  "timestamp": 1775144985.339283,
  "human_date": "2026-04-02 15:49:49"
}