{
  "dolar": 481.2177,
  "euro": 568.51540295,
  "usdt": 623.0,
  "usdt_promedio_compra": 637.72,
  "usdt_promedio_venta": 580.97,
  "timestamp": 1776498736.3736627,
  "human_date": "2026-04-18 07:52:20"
}