{
  "dolar": 484.7404,
  "euro": 567.40318041,
  "usdt": 631.0,
  "usdt_promedio_compra": 637.29,
  "usdt_promedio_venta": 608.56,
  "timestamp": 1777107031.4712963,
  "human_date": "2026-04-25 08:50:35"
}