{
  "dolar": 652.9726,
  "euro": 747.3271407,
  "usdt": 738.999,
  "usdt_promedio_compra": 740.34,
  "usdt_promedio_venta": 731.59,
  "fecha_bcv": null,
  "timestamp": 1783101416.0682504,
  "human_date": "2026-07-03 17:57:20"
}