{
  "dolar": 468.5145,
  "euro": 541.19046924,
  "usdt": 663.2,
  "usdt_promedio_compra": 665.43,
  "usdt_promedio_venta": 656.9,
  "timestamp": 1774643116.7004633,
  "human_date": "2026-03-27 20:25:21"
}