{
  "dolar": 425.6741,
  "euro": 491.49182934,
  "usdt": 629.69,
  "usdt_promedio_compra": 632.84,
  "usdt_promedio_venta": 623.52,
  "timestamp": 1772586197.0837607,
  "human_date": "2026-03-04 01:03:21"
}