{
  "dolar": 448.3686,
  "euro": 514.97823921,
  "usdt": 667.0,
  "usdt_promedio_compra": 670.23,
  "usdt_promedio_venta": 659.29,
  "timestamp": 1773779257.2238016,
  "human_date": "2026-03-17 20:27:41"
}