{
  "dolar": 466.6014,
  "euro": 540.17044273,
  "usdt": 678.369,
  "usdt_promedio_compra": 680.35,
  "usdt_promedio_venta": 671.31,
  "timestamp": 1774477450.9479442,
  "human_date": "2026-03-25 22:24:15"
}