{
  "dolar": 471.7004,
  "euro": 543.94131626,
  "usdt": 666.7,
  "usdt_promedio_compra": 668.67,
  "usdt_promedio_venta": 659.05,
  "timestamp": 1774736197.680301,
  "human_date": "2026-03-28 22:16:42"
}