{
  "dolar": 474.5338,
  "euro": 547.55980648,
  "usdt": 636.99,
  "usdt_promedio_compra": 638.08,
  "usdt_promedio_venta": 630.66,
  "timestamp": 1775594061.5954473,
  "human_date": "2026-04-07 20:34:25"
}