{
  "dolar": 433.1664,
  "euro": 501.72797779,
  "usdt": 619.9,
  "usdt_promedio_compra": 620.72,
  "usdt_promedio_venta": 611.79,
  "timestamp": 1772835379.656388,
  "human_date": "2026-03-06 22:16:24"
}