{
  "dolar": 484.7404,
  "euro": 567.40318041,
  "usdt": 630.0,
  "usdt_promedio_compra": 636.15,
  "usdt_promedio_venta": 610.99,
  "timestamp": 1777103913.6855235,
  "human_date": "2026-04-25 07:58:38"
}