{
  "dolar": 483.8695,
  "euro": 566.84344186,
  "usdt": 629.0,
  "usdt_promedio_compra": 632.15,
  "usdt_promedio_venta": 625.15,
  "timestamp": 1777062870.186465,
  "human_date": "2026-04-24 20:34:34"
}