{
  "dolar": 475.0083,
  "euro": 549.69860509,
  "usdt": 641.68,
  "usdt_promedio_compra": 659.0,
  "usdt_promedio_venta": 611.64,
  "timestamp": 1775628873.452671,
  "human_date": "2026-04-08 06:14:37"
}