{
  "dolar": 440.9657,
  "euro": 510.48835226,
  "usdt": 631.9,
  "usdt_promedio_compra": 636.83,
  "usdt_promedio_venta": 596.48,
  "timestamp": 1773297568.2503448,
  "human_date": "2026-03-12 06:39:33"
}