{
  "dolar": 446.8048,
  "euro": 511.22064801,
  "usdt": 627.0,
  "usdt_promedio_compra": 632.36,
  "usdt_promedio_venta": 611.19,
  "timestamp": 1773483448.7189405,
  "human_date": "2026-03-14 10:17:33"
}