{
  "dolar": 474.0598,
  "euro": 550.89541238,
  "usdt": 630.45,
  "usdt_promedio_compra": 632.68,
  "usdt_promedio_venta": 617.47,
  "timestamp": 1775475604.1216357,
  "human_date": "2026-04-06 11:40:08"
}