{
  "dolar": 476.4342,
  "euro": 556.66095493,
  "usdt": 638.0,
  "usdt_promedio_compra": 647.01,
  "usdt_promedio_venta": 581.9,
  "timestamp": 1775802311.775833,
  "human_date": "2026-04-10 06:25:16"
}