{
  "dolar": 457.0757,
  "euro": 527.7944523,
  "usdt": 656.9,
  "usdt_promedio_compra": 662.54,
  "usdt_promedio_venta": 616.05,
  "timestamp": 1774084865.4579396,
  "human_date": "2026-03-21 09:21:10"
}