{
  "dolar": 438.205,
  "euro": 510.2108456,
  "usdt": 625.0,
  "usdt_promedio_compra": 629.27,
  "usdt_promedio_venta": 616.83,
  "timestamp": 1773190895.893354,
  "human_date": "2026-03-11 01:01:40"
}