{
  "dolar": 481.6989,
  "euro": 567.58099688,
  "usdt": 629.8,
  "usdt_promedio_compra": 631.44,
  "usdt_promedio_venta": 622.54,
  "timestamp": 1776797702.663242,
  "human_date": "2026-04-21 18:55:07"
}