{
  "dolar": 484.7404,
  "euro": 567.40318041,
  "usdt": 631.699,
  "usdt_promedio_compra": 632.54,
  "usdt_promedio_venta": 626.25,
  "timestamp": 1777228463.027365,
  "human_date": "2026-04-26 18:34:27"
}