{
  "dolar": 425.6741,
  "euro": 491.49182934,
  "usdt": 622.8,
  "usdt_promedio_compra": 631.22,
  "usdt_promedio_venta": 619.34,
  "timestamp": 1772576241.336455,
  "human_date": "2026-03-03 22:17:26"
}