{
  "dolar": 446.8048,
  "euro": 511.22064801,
  "usdt": 643.8,
  "usdt_promedio_compra": 648.04,
  "usdt_promedio_venta": 640.06,
  "timestamp": 1773683548.0771313,
  "human_date": "2026-03-16 17:52:33"
}