{
  "dolar": 476.4342,
  "euro": 556.66095493,
  "usdt": 638.86,
  "usdt_promedio_compra": 639.98,
  "usdt_promedio_venta": 632.3,
  "timestamp": 1775852589.4899893,
  "human_date": "2026-04-10 20:23:13"
}