{
  "dolar": 483.3379,
  "euro": 567.01335724,
  "usdt": 629.99,
  "usdt_promedio_compra": 638.59,
  "usdt_promedio_venta": 605.55,
  "timestamp": 1776932843.7885633,
  "human_date": "2026-04-23 08:27:28"
}