{
  "dolar": 483.3379,
  "euro": 567.01335724,
  "usdt": 630.897,
  "usdt_promedio_compra": 632.05,
  "usdt_promedio_venta": 624.03,
  "timestamp": 1776894402.582816,
  "human_date": "2026-04-22 21:46:46"
}