{
  "dolar": 480.2572,
  "euro": 565.41160413,
  "usdt": 620.6,
  "usdt_promedio_compra": 622.02,
  "usdt_promedio_venta": 614.54,
  "timestamp": 1776444071.6083784,
  "human_date": "2026-04-17 16:41:16"
}