{
  "dolar": 473.8702,
  "euro": 542.63824342,
  "usdt": 658.477,
  "usdt_promedio_compra": 660.17,
  "usdt_promedio_venta": 651.85,
  "timestamp": 1774966902.463952,
  "human_date": "2026-03-31 14:21:51"
}