{
  "dolar": 485.2251,
  "euro": 569.29520082,
  "usdt": 644.8,
  "usdt_promedio_compra": 645.9,
  "usdt_promedio_venta": 637.96,
  "timestamp": 1777403783.157314,
  "human_date": "2026-04-28 19:16:27"
}