{
  "dolar": 473.8702,
  "euro": 542.63824342,
  "usdt": 659.8,
  "usdt_promedio_compra": 662.55,
  "usdt_promedio_venta": 654.48,
  "timestamp": 1774913154.7502403,
  "human_date": "2026-03-30 23:25:59"
}