{
  "dolar": 459.4525,
  "euro": 533.45651417,
  "usdt": 661.777,
  "usdt_promedio_compra": 663.84,
  "usdt_promedio_venta": 654.6,
  "timestamp": 1774304409.838742,
  "human_date": "2026-03-23 22:20:14"
}