{
  "dolar": 477.1488,
  "euro": 560.04863251,
  "usdt": 628.0,
  "usdt_promedio_compra": 631.16,
  "usdt_promedio_venta": 616.9,
  "timestamp": 1776043407.2899024,
  "human_date": "2026-04-13 01:23:31"
}