{
  "dolar": 459.4525,
  "euro": 533.45651417,
  "usdt": 659.998,
  "usdt_promedio_compra": 662.71,
  "usdt_promedio_venta": 650.16,
  "timestamp": 1774348784.3083563,
  "human_date": "2026-03-24 10:39:48"
}