{
  "dolar": 459.4525,
  "euro": 533.45651417,
  "usdt": 655.499,
  "usdt_promedio_compra": 657.18,
  "usdt_promedio_venta": 646.04,
  "timestamp": 1774367697.8261685,
  "human_date": "2026-03-24 15:55:02"
}