{
  "dolar": 477.1488,
  "euro": 560.04863251,
  "usdt": 632.99,
  "usdt_promedio_compra": 636.98,
  "usdt_promedio_venta": 541.84,
  "timestamp": 1775968643.3452892,
  "human_date": "2026-04-12 04:37:27"
}