{
  "dolar": 446.8048,
  "euro": 511.22064801,
  "usdt": 625.0,
  "usdt_promedio_compra": 627.3,
  "usdt_promedio_venta": 620.88,
  "timestamp": 1773497939.750607,
  "human_date": "2026-03-14 14:19:04"
}