{
  "dolar": 484.7404,
  "euro": 567.40318041,
  "usdt": 631.86,
  "usdt_promedio_compra": 632.58,
  "usdt_promedio_venta": 624.42,
  "timestamp": 1777246113.2584445,
  "human_date": "2026-04-26 23:28:37"
}