{
  "dolar": 484.7404,
  "euro": 567.40318041,
  "usdt": 641.95,
  "usdt_promedio_compra": 645.18,
  "usdt_promedio_venta": 634.65,
  "timestamp": 1777312701.5242608,
  "human_date": "2026-04-27 17:58:26"
}