{
  "dolar": 483.3379,
  "euro": 567.01335724,
  "usdt": 628.99,
  "usdt_promedio_compra": 631.18,
  "usdt_promedio_venta": 623.86,
  "timestamp": 1776945117.0690694,
  "human_date": "2026-04-23 11:52:01"
}