{
  "dolar": 475.0083,
  "euro": 549.69860509,
  "usdt": 639.0,
  "usdt_promedio_compra": 642.47,
  "usdt_promedio_venta": 634.93,
  "timestamp": 1775648655.383982,
  "human_date": "2026-04-08 11:44:23"
}