{
  "dolar": 436.2419,
  "euro": 505.41677808,
  "usdt": 621.9,
  "usdt_promedio_compra": 646.83,
  "usdt_promedio_venta": 591.76,
  "timestamp": 1773119273.0917616,
  "human_date": "2026-03-10 05:07:57"
}