{
  "dolar": 455.2547,
  "euro": 524.50804496,
  "usdt": 663.0,
  "usdt_promedio_compra": 664.71,
  "usdt_promedio_venta": 657.87,
  "timestamp": 1773958581.1344821,
  "human_date": "2026-03-19 22:16:25"
}