{
  "dolar": 489.5547,
  "euro": 574.19381208,
  "usdt": 633.92,
  "usdt_promedio_compra": 639.53,
  "usdt_promedio_venta": 613.37,
  "timestamp": 1777715919.440045,
  "human_date": "2026-05-02 09:58:43"
}