{
  "dolar": 484.7404,
  "euro": 567.40318041,
  "usdt": 631.3,
  "usdt_promedio_compra": 636.37,
  "usdt_promedio_venta": 617.63,
  "timestamp": 1777113194.0515435,
  "human_date": "2026-04-25 10:33:18"
}