{
  "dolar": 482.7586,
  "euro": 567.70963084,
  "usdt": 626.399,
  "usdt_promedio_compra": 627.71,
  "usdt_promedio_venta": 619.13,
  "timestamp": 1776858621.767765,
  "human_date": "2026-04-22 11:50:25"
}