{
  "dolar": 474.0598,
  "euro": 550.89541238,
  "usdt": 651.9,
  "usdt_promedio_compra": 654.04,
  "usdt_promedio_venta": 645.46,
  "timestamp": 1775172168.7335744,
  "human_date": "2026-04-02 23:22:53"
}