{
  "dolar": 477.1488,
  "euro": 560.04863251,
  "usdt": 632.0,
  "usdt_promedio_compra": 634.97,
  "usdt_promedio_venta": 625.3,
  "timestamp": 1776007570.362035,
  "human_date": "2026-04-12 15:26:15"
}