{
  "dolar": 481.2177,
  "euro": 568.51540295,
  "usdt": 621.994,
  "usdt_promedio_compra": 623.63,
  "usdt_promedio_venta": 611.91,
  "timestamp": 1776683368.2931616,
  "human_date": "2026-04-20 11:09:33"
}