{
  "dolar": 480.2572,
  "euro": 565.41160413,
  "usdt": 625.4,
  "usdt_promedio_compra": 627.08,
  "usdt_promedio_venta": 602.0,
  "timestamp": 1776420219.7798595,
  "human_date": "2026-04-17 10:03:44"
}