{
  "dolar": 466.6014,
  "euro": 540.17044273,
  "usdt": 674.9,
  "usdt_promedio_compra": 677.24,
  "usdt_promedio_venta": 667.25,
  "timestamp": 1774529166.747445,
  "human_date": "2026-03-26 12:46:11"
}