{
  "dolar": 489.5547,
  "euro": 574.19381208,
  "usdt": 633.379,
  "usdt_promedio_compra": 634.73,
  "usdt_promedio_venta": 625.9,
  "timestamp": 1777863522.922486,
  "human_date": "2026-05-04 02:58:47"
}