{
  "dolar": 475.9583,
  "euro": 556.51900185,
  "usdt": 636.8,
  "usdt_promedio_compra": 638.55,
  "usdt_promedio_venta": 630.06,
  "timestamp": 1775690938.8185859,
  "human_date": "2026-04-08 23:29:03"
}