{
  "dolar": 478.5811,
  "euro": 564.97934598,
  "usdt": 632.99,
  "usdt_promedio_compra": 639.95,
  "usdt_promedio_venta": 601.86,
  "timestamp": 1776227774.4539015,
  "human_date": "2026-04-15 04:36:18"
}