{
  "dolar": 419.9873,
  "euro": 495.60601336,
  "usdt": 607.4,
  "usdt_promedio_compra": 609.31,
  "usdt_promedio_venta": 599.74,
  "timestamp": 1772406791.5675159,
  "human_date": "2026-03-01 23:13:16"
}