{
  "dolar": 471.7004,
  "euro": 543.94131626,
  "usdt": 667.999,
  "usdt_promedio_compra": 670.15,
  "usdt_promedio_venta": 663.04,
  "timestamp": 1774815555.1233835,
  "human_date": "2026-03-29 20:19:19"
}