{
  "dolar": 457.0757,
  "euro": 527.7944523,
  "usdt": 658.97,
  "usdt_promedio_compra": 659.61,
  "usdt_promedio_venta": 650.83,
  "timestamp": 1774109754.9611244,
  "human_date": "2026-03-21 16:16:00"
}