{
  "dolar": 483.3379,
  "euro": 567.01335724,
  "usdt": 628.2,
  "usdt_promedio_compra": 628.97,
  "usdt_promedio_venta": 622.74,
  "timestamp": 1776956918.459921,
  "human_date": "2026-04-23 15:08:43"
}