{
  "dolar": 481.2177,
  "euro": 568.51540295,
  "usdt": 623.49,
  "usdt_promedio_compra": 624.86,
  "usdt_promedio_venta": 614.88,
  "timestamp": 1776550929.360878,
  "human_date": "2026-04-18 22:22:13"
}