{
  "dolar": 433.1664,
  "euro": 501.72797779,
  "usdt": 618.451,
  "usdt_promedio_compra": 625.19,
  "usdt_promedio_venta": 614.89,
  "timestamp": 1773087650.5196931,
  "human_date": "2026-03-09 20:20:54"
}