{
  "dolar": 474.0598,
  "euro": 550.89541238,
  "usdt": 653.7,
  "usdt_promedio_compra": 655.71,
  "usdt_promedio_venta": 646.5,
  "timestamp": 1775133865.3028436,
  "human_date": "2026-04-02 12:44:29"
}