{
  "dolar": 487.1192,
  "euro": 569.76384347,
  "usdt": 633.499,
  "usdt_promedio_compra": 638.56,
  "usdt_promedio_venta": 624.19,
  "timestamp": 1777506133.3739152,
  "human_date": "2026-04-29 23:42:17"
}