{
  "dolar": 474.0598,
  "euro": 550.89541238,
  "usdt": 651.88,
  "usdt_promedio_compra": 658.98,
  "usdt_promedio_venta": 616.46,
  "timestamp": 1775209357.7771747,
  "human_date": "2026-04-03 09:42:42"
}