{
  "dolar": 433.1664,
  "euro": 501.72797779,
  "usdt": 608.5,
  "usdt_promedio_compra": 613.59,
  "usdt_promedio_venta": 600.5,
  "timestamp": 1773004399.1738467,
  "human_date": "2026-03-08 21:13:30"
}