{
  "dolar": 446.8048,
  "euro": 511.22064801,
  "usdt": 632.999,
  "usdt_promedio_compra": 635.03,
  "usdt_promedio_venta": 624.14,
  "timestamp": 1773612941.1367319,
  "human_date": "2026-03-15 22:15:45"
}