{
  "dolar": 481.2177,
  "euro": 568.51540295,
  "usdt": 622.9,
  "usdt_promedio_compra": 624.56,
  "usdt_promedio_venta": 619.24,
  "timestamp": 1776612471.983471,
  "human_date": "2026-04-19 15:27:56"
}