{
  "dolar": 474.0598,
  "euro": 550.89541238,
  "usdt": 628.39,
  "usdt_promedio_compra": 631.34,
  "usdt_promedio_venta": 618.16,
  "timestamp": 1775484243.0042722,
  "human_date": "2026-04-06 14:04:07"
}