{
  "dolar": 490.0442,
  "euro": 574.03777588,
  "usdt": 643.5,
  "usdt_promedio_compra": 644.91,
  "usdt_promedio_venta": 638.18,
  "timestamp": 1777938930.2783859,
  "human_date": "2026-05-04 23:55:35"
}