{
  "dolar": 446.8048,
  "euro": 511.22064801,
  "usdt": 631.0,
  "usdt_promedio_compra": 634.4,
  "usdt_promedio_venta": 625.35,
  "timestamp": 1773598982.0888228,
  "human_date": "2026-03-15 18:23:06"
}