{
  "dolar": 474.0598,
  "euro": 550.89541238,
  "usdt": 647.9,
  "usdt_promedio_compra": 650.84,
  "usdt_promedio_venta": 641.05,
  "timestamp": 1775230299.4377277,
  "human_date": "2026-04-03 15:31:44"
}