{
  "dolar": 473.9176,
  "euro": 545.94833602,
  "usdt": 658.0,
  "usdt_promedio_compra": 661.68,
  "usdt_promedio_venta": 632.29,
  "timestamp": 1775018293.65936,
  "human_date": "2026-04-01 04:38:18"
}