{
  "dolar": 451.5072,
  "euro": 520.64198246,
  "usdt": 668.4,
  "usdt_promedio_compra": 679.54,
  "usdt_promedio_venta": 614.53,
  "timestamp": 1773819859.1607158,
  "human_date": "2026-03-18 07:44:23"
}