{
  "dolar": 486.1955,
  "euro": 569.42730764,
  "usdt": 643.98,
  "usdt_promedio_compra": 646.38,
  "usdt_promedio_venta": 637.94,
  "timestamp": 1777477871.6200984,
  "human_date": "2026-04-29 15:51:15"
}