{
  "dolar": 448.3686,
  "euro": 514.97823921,
  "usdt": 651.851,
  "usdt_promedio_compra": 653.95,
  "usdt_promedio_venta": 641.97,
  "timestamp": 1773703243.5706496,
  "human_date": "2026-03-16 23:20:47"
}