{
  "dolar": 477.6259,
  "euro": 559.20917997,
  "usdt": 641.777,
  "usdt_promedio_compra": 644.32,
  "usdt_promedio_venta": 617.11,
  "timestamp": 1776141362.9441602,
  "human_date": "2026-04-14 04:36:07"
}