{
  "dolar": 477.1488,
  "euro": 560.04863251,
  "usdt": 629.948,
  "usdt_promedio_compra": 632.18,
  "usdt_promedio_venta": 623.18,
  "timestamp": 1776085066.9617586,
  "human_date": "2026-04-13 12:57:51"
}