{
  "dolar": 421.8772,
  "euro": 493.53726119,
  "usdt": 621.4,
  "usdt_promedio_compra": 624.29,
  "usdt_promedio_venta": 614.08,
  "timestamp": 1772566323.4068067,
  "human_date": "2026-03-03 19:32:08"
}