{
  "dolar": 474.0598,
  "euro": 550.89541238,
  "usdt": 653.0,
  "usdt_promedio_compra": 654.91,
  "usdt_promedio_venta": 647.79,
  "timestamp": 1775168509.40988,
  "human_date": "2026-04-02 22:21:53"
}