{
  "dolar": 477.1488,
  "euro": 560.04863251,
  "usdt": 632.49,
  "usdt_promedio_compra": 634.57,
  "usdt_promedio_venta": 624.86,
  "timestamp": 1776011109.5301821,
  "human_date": "2026-04-12 16:25:13"
}