{
  "dolar": 489.5547,
  "euro": 574.19381208,
  "usdt": 634.0,
  "usdt_promedio_compra": 634.58,
  "usdt_promedio_venta": 627.14,
  "timestamp": 1777821815.5439193,
  "human_date": "2026-05-03 15:23:39"
}