{
  "dolar": 446.8048,
  "euro": 511.22064801,
  "usdt": 650.7,
  "usdt_promedio_compra": 652.29,
  "usdt_promedio_venta": 642.97,
  "timestamp": 1773686722.7913425,
  "human_date": "2026-03-16 18:45:27"
}