{
  "dolar": 476.4342,
  "euro": 556.66095493,
  "usdt": 636.0,
  "usdt_promedio_compra": 638.56,
  "usdt_promedio_venta": 630.27,
  "timestamp": 1775842765.1351137,
  "human_date": "2026-04-10 17:39:30"
}