{
  "dolar": 489.5547,
  "euro": 574.19381208,
  "usdt": 633.98,
  "usdt_promedio_compra": 634.63,
  "usdt_promedio_venta": 628.84,
  "timestamp": 1777743878.088836,
  "human_date": "2026-05-02 17:44:42"
}