{
  "dolar": 457.0757,
  "euro": 527.7944523,
  "usdt": 657.699,
  "usdt_promedio_compra": 659.03,
  "usdt_promedio_venta": 647.74,
  "timestamp": 1774054903.9552197,
  "human_date": "2026-03-21 01:01:48"
}