{
  "dolar": 480.2572,
  "euro": 565.41160413,
  "usdt": 619.0,
  "usdt_promedio_compra": 620.93,
  "usdt_promedio_venta": 612.62,
  "timestamp": 1776455407.1654732,
  "human_date": "2026-04-17 19:50:11"
}