{
  "dolar": 475.9583,
  "euro": 556.51900185,
  "usdt": 634.977,
  "usdt_promedio_compra": 638.4,
  "usdt_promedio_venta": 628.51,
  "timestamp": 1775764576.5966983,
  "human_date": "2026-04-09 19:56:20"
}