{
  "dolar": 433.1664,
  "euro": 501.72797779,
  "usdt": 611.0,
  "usdt_promedio_compra": 614.39,
  "usdt_promedio_venta": 598.97,
  "timestamp": 1773067534.3814898,
  "human_date": "2026-03-09 14:45:38"
}