{
  "dolar": 433.1664,
  "euro": 501.72797779,
  "usdt": 604.98,
  "usdt_promedio_compra": 606.24,
  "usdt_promedio_venta": 596.75,
  "timestamp": 1772921509.2811968,
  "human_date": "2026-03-07 22:11:54"
}