{
  "dolar": 468.5145,
  "euro": 541.19046924,
  "usdt": 667.5,
  "usdt_promedio_compra": 670.31,
  "usdt_promedio_venta": 661.82,
  "timestamp": 1774556738.9295778,
  "human_date": "2026-03-26 20:25:44"
}