{
  "dolar": 476.4342,
  "euro": 556.66095493,
  "usdt": 636.0,
  "usdt_promedio_compra": 639.1,
  "usdt_promedio_venta": 630.54,
  "timestamp": 1775770606.5150738,
  "human_date": "2026-04-09 21:36:50"
}