{
  "dolar": 427.9302,
  "euro": 497.42178517,
  "usdt": 636.3,
  "usdt_promedio_compra": 638.31,
  "usdt_promedio_venta": 625.76,
  "timestamp": 1772709917.163723,
  "human_date": "2026-03-05 11:25:21"
}