{
  "dolar": 448.3686,
  "euro": 514.97823921,
  "usdt": 665.2,
  "usdt_promedio_compra": 667.27,
  "usdt_promedio_venta": 659.56,
  "timestamp": 1773782804.627143,
  "human_date": "2026-03-17 21:26:48"
}