{
  "dolar": 621.5299,
  "euro": 707.43776277,
  "usdt": 788.999,
  "usdt_promedio_compra": 790.72,
  "usdt_promedio_venta": 753.73,
  "fecha_bcv": null,
  "timestamp": 1782341276.3269713,
  "human_date": "2026-06-24 22:48:10"
}