{
  "dolar": 481.2177,
  "euro": 568.51540295,
  "usdt": 623.0,
  "usdt_promedio_compra": 624.5,
  "usdt_promedio_venta": 610.25,
  "timestamp": 1776573723.3129144,
  "human_date": "2026-04-19 04:42:08"
}