{
  "dolar": 457.0757,
  "euro": 527.7944523,
  "usdt": 656.899,
  "usdt_promedio_compra": 658.85,
  "usdt_promedio_venta": 651.62,
  "timestamp": 1774106121.5798054,
  "human_date": "2026-03-21 15:15:26"
}