{
  "dolar": 482.7586,
  "euro": 567.70963084,
  "usdt": 628.498,
  "usdt_promedio_compra": 629.29,
  "usdt_promedio_venta": 621.12,
  "timestamp": 1776820811.3668077,
  "human_date": "2026-04-22 01:20:17"
}