{
  "dolar": 477.1488,
  "euro": 560.04863251,
  "usdt": 636.245,
  "usdt_promedio_compra": 639.07,
  "usdt_promedio_venta": 629.7,
  "timestamp": 1776110624.8101377,
  "human_date": "2026-04-13 20:03:49"
}