{
  "dolar": 477.6259,
  "euro": 559.20917997,
  "usdt": 640.0,
  "usdt_promedio_compra": 641.96,
  "usdt_promedio_venta": 632.27,
  "timestamp": 1776129706.9735858,
  "human_date": "2026-04-14 01:21:51"
}