{
  "dolar": 476.4342,
  "euro": 556.66095493,
  "usdt": 637.58,
  "usdt_promedio_compra": 641.11,
  "usdt_promedio_venta": 605.4,
  "timestamp": 1775795816.7996109,
  "human_date": "2026-04-10 04:37:01"
}