{
  "dolar": 483.3379,
  "euro": 567.01335724,
  "usdt": 628.99,
  "usdt_promedio_compra": 635.79,
  "usdt_promedio_venta": 616.41,
  "timestamp": 1776939189.8622172,
  "human_date": "2026-04-23 10:13:14"
}