{
  "dolar": 466.6014,
  "euro": 540.17044273,
  "usdt": 677.377,
  "usdt_promedio_compra": 680.24,
  "usdt_promedio_venta": 666.87,
  "timestamp": 1774525233.769345,
  "human_date": "2026-03-26 11:40:38"
}