{
  "dolar": 473.8702,
  "euro": 542.63824342,
  "usdt": 658.0,
  "usdt_promedio_compra": 659.65,
  "usdt_promedio_venta": 650.91,
  "timestamp": 1774995810.3667934,
  "human_date": "2026-03-31 22:23:35"
}