{
  "dolar": 433.1664,
  "euro": 501.72797779,
  "usdt": 611.5,
  "usdt_promedio_compra": 613.0,
  "usdt_promedio_venta": 603.52,
  "timestamp": 1772900086.9836457,
  "human_date": "2026-03-07 16:14:51"
}