{
  "dolar": 478.5811,
  "euro": 564.97934598,
  "usdt": 628.485,
  "usdt_promedio_compra": 631.24,
  "usdt_promedio_venta": 620.94,
  "timestamp": 1776253545.500683,
  "human_date": "2026-04-15 11:45:49"
}