{
  "dolar": 419.9873,
  "euro": 495.60601336,
  "usdt": 606.0,
  "usdt_promedio_compra": 608.5,
  "usdt_promedio_venta": 599.07,
  "timestamp": 1772371952.3973386,
  "human_date": "2026-03-01 13:32:37"
}