{
  "dolar": 457.0757,
  "euro": 527.7944523,
  "usdt": 657.4,
  "usdt_promedio_compra": 659.09,
  "usdt_promedio_venta": 649.65,
  "timestamp": 1774127686.9350007,
  "human_date": "2026-03-21 21:14:51"
}