{
  "dolar": 440.9657,
  "euro": 510.48835226,
  "usdt": 624.0,
  "usdt_promedio_compra": 626.05,
  "usdt_promedio_venta": 617.53,
  "timestamp": 1773318760.9925723,
  "human_date": "2026-03-12 12:32:45"
}