{
  "dolar": 478.5811,
  "euro": 564.97934598,
  "usdt": 628.699,
  "usdt_promedio_compra": 630.22,
  "usdt_promedio_venta": 620.55,
  "timestamp": 1776283000.5176814,
  "human_date": "2026-04-15 19:56:44"
}