{
  "dolar": 419.9873,
  "euro": 495.60601336,
  "usdt": 607.0,
  "usdt_promedio_compra": 616.89,
  "usdt_promedio_venta": 587.91,
  "timestamp": 1772338302.549742,
  "human_date": "2026-03-01 04:11:47"
}