{
  "dolar": 457.0757,
  "euro": 527.7944523,
  "usdt": 657.0,
  "usdt_promedio_compra": 658.5,
  "usdt_promedio_venta": 650.35,
  "timestamp": 1774131144.8679242,
  "human_date": "2026-03-21 22:12:29"
}