{
  "dolar": 474.0598,
  "euro": 550.89541238,
  "usdt": 642.75,
  "usdt_promedio_compra": 646.02,
  "usdt_promedio_venta": 615.47,
  "timestamp": 1775275563.1092758,
  "human_date": "2026-04-04 04:06:08"
}