{
  "dolar": 474.0598,
  "euro": 550.89541238,
  "usdt": 630.999,
  "usdt_promedio_compra": 634.14,
  "usdt_promedio_venta": 618.2,
  "timestamp": 1775431355.6907666,
  "human_date": "2026-04-05 23:22:39"
}