{
  "dolar": 474.0598,
  "euro": 550.89541238,
  "usdt": 652.78,
  "usdt_promedio_compra": 654.86,
  "usdt_promedio_venta": 648.55,
  "timestamp": 1775148218.3364172,
  "human_date": "2026-04-02 16:43:42"
}