{
  "dolar": 433.1664,
  "euro": 501.72797779,
  "usdt": 620.1,
  "usdt_promedio_compra": 622.79,
  "usdt_promedio_venta": 614.18,
  "timestamp": 1773104471.9860835,
  "human_date": "2026-03-10 01:01:16"
}