{
  "dolar": 474.0598,
  "euro": 550.89541238,
  "usdt": 655.49,
  "usdt_promedio_compra": 665.51,
  "usdt_promedio_venta": 633.51,
  "timestamp": 1775109897.4995072,
  "human_date": "2026-04-02 06:05:01"
}