{
  "dolar": 433.1664,
  "euro": 501.72797779,
  "usdt": 619.5,
  "usdt_promedio_compra": 621.28,
  "usdt_promedio_venta": 611.19,
  "timestamp": 1773084757.9660935,
  "human_date": "2026-03-09 19:32:42"
}