{
  "dolar": 489.5547,
  "euro": 574.19381208,
  "usdt": 633.799,
  "usdt_promedio_compra": 635.56,
  "usdt_promedio_venta": 624.13,
  "timestamp": 1777722863.019068,
  "human_date": "2026-05-02 11:54:27"
}