{
  "dolar": 487.1192,
  "euro": 569.76384347,
  "usdt": 633.999,
  "usdt_promedio_compra": 635.21,
  "usdt_promedio_venta": 626.5,
  "timestamp": 1777561045.8418407,
  "human_date": "2026-04-30 14:57:30"
}