{
  "dolar": 433.1664,
  "euro": 501.72797779,
  "usdt": 620.9,
  "usdt_promedio_compra": 623.97,
  "usdt_promedio_venta": 607.51,
  "timestamp": 1773064666.8353457,
  "human_date": "2026-03-09 13:58:10"
}