{
  "dolar": 448.3686,
  "euro": 514.97823921,
  "usdt": 652.9,
  "usdt_promedio_compra": 654.24,
  "usdt_promedio_venta": 645.49,
  "timestamp": 1773709572.902259,
  "human_date": "2026-03-17 01:06:17"
}