{
  "dolar": 433.1664,
  "euro": 501.72797779,
  "usdt": 623.0,
  "usdt_promedio_compra": 628.76,
  "usdt_promedio_venta": 591.32,
  "timestamp": 1773115073.4862077,
  "human_date": "2026-03-10 03:57:57"
}