{
  "dolar": 483.8695,
  "euro": 566.84344186,
  "usdt": 631.89,
  "usdt_promedio_compra": 643.35,
  "usdt_promedio_venta": 610.17,
  "timestamp": 1777021027.2401845,
  "human_date": "2026-04-24 08:57:11"
}