{
  "dolar": 474.0598,
  "euro": 550.89541238,
  "usdt": 645.49,
  "usdt_promedio_compra": 646.65,
  "usdt_promedio_venta": 636.64,
  "timestamp": 1775247774.756286,
  "human_date": "2026-04-03 20:22:59"
}