{
  "dolar": 462.6687,
  "euro": 536.09422269,
  "usdt": 667.8,
  "usdt_promedio_compra": 670.39,
  "usdt_promedio_venta": 661.38,
  "timestamp": 1774400915.0730069,
  "human_date": "2026-03-25 01:08:39"
}