{
  "dolar": 489.5547,
  "euro": 574.19381208,
  "usdt": 633.9,
  "usdt_promedio_compra": 635.55,
  "usdt_promedio_venta": 624.22,
  "timestamp": 1777893746.4622114,
  "human_date": "2026-05-04 11:22:30"
}