{
  "dolar": 443.2587,
  "euro": 510.34147165,
  "usdt": 626.3,
  "usdt_promedio_compra": 632.4,
  "usdt_promedio_venta": 606.4,
  "timestamp": 1773394121.9001126,
  "human_date": "2026-03-13 09:28:46"
}