{
  "dolar": 425.6741,
  "euro": 491.49182934,
  "usdt": 643.0,
  "usdt_promedio_compra": 650.84,
  "usdt_promedio_venta": 632.79,
  "timestamp": 1772649149.4521961,
  "human_date": "2026-03-04 18:32:33"
}