{
  "dolar": 481.2177,
  "euro": 568.51540295,
  "usdt": 623.0,
  "usdt_promedio_compra": 626.57,
  "usdt_promedio_venta": 619.71,
  "timestamp": 1776703936.192974,
  "human_date": "2026-04-20 16:52:21"
}