{
  "dolar": 462.6687,
  "euro": 536.09422269,
  "usdt": 670.0,
  "usdt_promedio_compra": 677.87,
  "usdt_promedio_venta": 651.91,
  "timestamp": 1774431691.899649,
  "human_date": "2026-03-25 09:41:36"
}