{
  "dolar": 475.0083,
  "euro": 549.69860509,
  "usdt": 636.4,
  "usdt_promedio_compra": 638.86,
  "usdt_promedio_venta": 631.57,
  "timestamp": 1775597604.7686985,
  "human_date": "2026-04-07 21:33:28"
}