{
  "dolar": 481.2177,
  "euro": 568.51540295,
  "usdt": 623.4,
  "usdt_promedio_compra": 624.65,
  "usdt_promedio_venta": 618.3,
  "timestamp": 1776547412.1708727,
  "human_date": "2026-04-18 21:23:37"
}