{
  "dolar": 443.2587,
  "euro": 510.34147165,
  "usdt": 625.77,
  "usdt_promedio_compra": 634.56,
  "usdt_promedio_venta": 595.88,
  "timestamp": 1773390439.1630335,
  "human_date": "2026-03-13 08:27:23"
}