{
  "dolar": 448.3686,
  "euro": 514.97823921,
  "usdt": 649.3,
  "usdt_promedio_compra": 651.73,
  "usdt_promedio_venta": 641.11,
  "timestamp": 1773756695.4715657,
  "human_date": "2026-03-17 14:11:39"
}