{
  "dolar": 473.8702,
  "euro": 542.63824342,
  "usdt": 658.9,
  "usdt_promedio_compra": 659.64,
  "usdt_promedio_venta": 651.52,
  "timestamp": 1774972659.420411,
  "human_date": "2026-03-31 15:57:43"
}