{
  "dolar": 482.7586,
  "euro": 567.70963084,
  "usdt": 630.9,
  "usdt_promedio_compra": 632.45,
  "usdt_promedio_venta": 624.8,
  "timestamp": 1776888004.5950055,
  "human_date": "2026-04-22 20:00:09"
}