{
  "dolar": 419.9873,
  "euro": 495.60601336,
  "usdt": 612.0,
  "usdt_promedio_compra": 646.97,
  "usdt_promedio_venta": 601.08,
  "timestamp": 1772447656.486938,
  "human_date": "2026-03-02 10:34:20"
}