{
  "dolar": 473.8702,
  "euro": 542.63824342,
  "usdt": 655.5,
  "usdt_promedio_compra": 657.84,
  "usdt_promedio_venta": 650.8,
  "timestamp": 1774986354.214282,
  "human_date": "2026-03-31 19:45:58"
}