{
  "dolar": 486.1955,
  "euro": 569.42730764,
  "usdt": 645.995,
  "usdt_promedio_compra": 651.63,
  "usdt_promedio_venta": 631.44,
  "timestamp": 1777456788.8510423,
  "human_date": "2026-04-29 09:59:53"
}