{
  "dolar": 433.1664,
  "euro": 501.72797779,
  "usdt": 607.8,
  "usdt_promedio_compra": 612.24,
  "usdt_promedio_venta": 559.92,
  "timestamp": 1772942438.5755923,
  "human_date": "2026-03-08 04:00:43"
}