{
  "dolar": 451.5072,
  "euro": 520.64198246,
  "usdt": 666.5,
  "usdt_promedio_compra": 670.99,
  "usdt_promedio_venta": 660.54,
  "timestamp": 1773786126.0361688,
  "human_date": "2026-03-17 22:22:10"
}