{
  "dolar": 485.2251,
  "euro": 569.29520082,
  "usdt": 640.0,
  "usdt_promedio_compra": 644.73,
  "usdt_promedio_venta": 637.51,
  "timestamp": 1777397278.6974173,
  "human_date": "2026-04-28 17:28:03"
}