{
  "dolar": 489.5547,
  "euro": 574.19381208,
  "usdt": 632.0,
  "usdt_promedio_compra": 633.38,
  "usdt_promedio_venta": 625.37,
  "timestamp": 1777766913.5373218,
  "human_date": "2026-05-03 00:08:37"
}