{
  "dolar": 474.0598,
  "euro": 550.89541238,
  "usdt": 652.85,
  "usdt_promedio_compra": 654.47,
  "usdt_promedio_venta": 648.29,
  "timestamp": 1775155188.668043,
  "human_date": "2026-04-02 18:39:53"
}