{
  "dolar": 474.0598,
  "euro": 550.89541238,
  "usdt": 653.2,
  "usdt_promedio_compra": 662.22,
  "usdt_promedio_venta": 597.32,
  "timestamp": 1775202868.2505639,
  "human_date": "2026-04-03 07:54:32"
}