{
  "dolar": 483.8695,
  "euro": 566.84344186,
  "usdt": 632.0,
  "usdt_promedio_compra": 632.94,
  "usdt_promedio_venta": 624.14,
  "timestamp": 1776980165.8951373,
  "human_date": "2026-04-23 21:36:10"
}