{
  "dolar": 457.0757,
  "euro": 527.7944523,
  "usdt": 654.499,
  "usdt_promedio_compra": 659.55,
  "usdt_promedio_venta": 644.64,
  "timestamp": 1774269513.4134538,
  "human_date": "2026-03-23 12:38:37"
}