{
  "dolar": 484.7404,
  "euro": 567.40318041,
  "usdt": 630.9,
  "usdt_promedio_compra": 632.35,
  "usdt_promedio_venta": 627.03,
  "timestamp": 1777131028.5459762,
  "human_date": "2026-04-25 15:30:33"
}