{
  "dolar": 455.2547,
  "euro": 524.50804496,
  "usdt": 661.9,
  "usdt_promedio_compra": 680.06,
  "usdt_promedio_venta": 624.69,
  "timestamp": 1773995302.9426684,
  "human_date": "2026-03-20 08:28:27"
}