{
  "dolar": 431.0113,
  "euro": 499.61536862,
  "usdt": 628.5,
  "usdt_promedio_compra": 631.66,
  "usdt_promedio_venta": 618.84,
  "timestamp": 1772795989.7294765,
  "human_date": "2026-03-06 11:19:54"
}