{
  "dolar": 457.0757,
  "euro": 527.7944523,
  "usdt": 659.95,
  "usdt_promedio_compra": 687.15,
  "usdt_promedio_venta": 609.89,
  "timestamp": 1774252480.210074,
  "human_date": "2026-03-23 07:54:44"
}