{
  "dolar": 487.1192,
  "euro": 569.76384347,
  "usdt": 635.2,
  "usdt_promedio_compra": 641.42,
  "usdt_promedio_venta": 622.25,
  "timestamp": 1777526455.2361605,
  "human_date": "2026-04-30 05:20:59"
}