{
  "dolar": 633.3644,
  "euro": 723.27047658,
  "usdt": 742.9,
  "usdt_promedio_compra": 753.14,
  "usdt_promedio_venta": 734.43,
  "fecha_bcv": null,
  "timestamp": 1782907753.8470118,
  "human_date": "2026-07-01 12:09:38"
}