{
  "dolar": 474.0598,
  "euro": 550.89541238,
  "usdt": 633.9,
  "usdt_promedio_compra": 650.61,
  "usdt_promedio_venta": 591.82,
  "timestamp": 1775381309.0413043,
  "human_date": "2026-04-05 09:28:34"
}