{
  "dolar": 433.1664,
  "euro": 501.72797779,
  "usdt": 616.97,
  "usdt_promedio_compra": 619.06,
  "usdt_promedio_venta": 610.35,
  "timestamp": 1772839065.376756,
  "human_date": "2026-03-06 23:17:49"
}