{
  "dolar": 484.7404,
  "euro": 567.40318041,
  "usdt": 632.0,
  "usdt_promedio_compra": 632.88,
  "usdt_promedio_venta": 627.89,
  "timestamp": 1777220971.348918,
  "human_date": "2026-04-26 16:29:36"
}