{
  "dolar": 455.2547,
  "euro": 524.50804496,
  "usdt": 663.9,
  "usdt_promedio_compra": 665.7,
  "usdt_promedio_venta": 658.65,
  "timestamp": 1773951930.6060805,
  "human_date": "2026-03-19 20:25:34"
}