{
  "dolar": 489.5547,
  "euro": 574.19381208,
  "usdt": 631.85,
  "usdt_promedio_compra": 632.82,
  "usdt_promedio_venta": 625.71,
  "timestamp": 1777592438.4418938,
  "human_date": "2026-04-30 23:40:43"
}