{
  "dolar": 440.9657,
  "euro": 510.48835226,
  "usdt": 621.4,
  "usdt_promedio_compra": 623.67,
  "usdt_promedio_venta": 615.64,
  "timestamp": 1773330324.4854584,
  "human_date": "2026-03-12 15:45:29"
}