{
  "dolar": 482.7586,
  "euro": 567.70963084,
  "usdt": 627.0,
  "usdt_promedio_compra": 629.39,
  "usdt_promedio_venta": 622.21,
  "timestamp": 1776813997.7782016,
  "human_date": "2026-04-21 23:26:42"
}