{
  "dolar": 474.0598,
  "euro": 550.89541238,
  "usdt": 654.995,
  "usdt_promedio_compra": 657.07,
  "usdt_promedio_venta": 644.3,
  "timestamp": 1775129824.6418805,
  "human_date": "2026-04-02 11:37:09"
}