{
  "dolar": 431.0113,
  "euro": 499.61536862,
  "usdt": 616.0,
  "usdt_promedio_compra": 618.59,
  "usdt_promedio_venta": 610.58,
  "timestamp": 1772825209.1525116,
  "human_date": "2026-03-06 19:26:53"
}