{
  "dolar": 489.5547,
  "euro": 574.19381208,
  "usdt": 632.999,
  "usdt_promedio_compra": 633.71,
  "usdt_promedio_venta": 626.18,
  "timestamp": 1777759597.9996305,
  "human_date": "2026-05-02 22:06:42"
}