{
  "dolar": 446.8048,
  "euro": 511.22064801,
  "usdt": 630.95,
  "usdt_promedio_compra": 636.87,
  "usdt_promedio_venta": 627.58,
  "timestamp": 1773670388.9012809,
  "human_date": "2026-03-16 14:13:13"
}