{
  "dolar": 433.1664,
  "euro": 501.72797779,
  "usdt": 611.0,
  "usdt_promedio_compra": 618.6,
  "usdt_promedio_venta": 532.27,
  "timestamp": 1772954628.257053,
  "human_date": "2026-03-08 07:23:52"
}