{
  "dolar": 466.6014,
  "euro": 540.17044273,
  "usdt": 675.799,
  "usdt_promedio_compra": 679.44,
  "usdt_promedio_venta": 659.42,
  "timestamp": 1774521704.4014452,
  "human_date": "2026-03-26 10:41:48"
}