{
  "dolar": 474.0598,
  "euro": 550.89541238,
  "usdt": 654.89,
  "usdt_promedio_compra": 655.56,
  "usdt_promedio_venta": 648.29,
  "timestamp": 1775139300.1630173,
  "human_date": "2026-04-02 14:15:04"
}