{
  "dolar": 427.9302,
  "euro": 497.42178517,
  "usdt": 632.8,
  "usdt_promedio_compra": 634.66,
  "usdt_promedio_venta": 623.42,
  "timestamp": 1772749168.1599367,
  "human_date": "2026-03-05 22:19:32"
}