{
  "dolar": 474.5338,
  "euro": 547.55980648,
  "usdt": 630.0,
  "usdt_promedio_compra": 632.58,
  "usdt_promedio_venta": 623.46,
  "timestamp": 1775571906.6943462,
  "human_date": "2026-04-07 14:25:11"
}