{
  "dolar": 455.2547,
  "euro": 524.50804496,
  "usdt": 665.0,
  "usdt_promedio_compra": 667.21,
  "usdt_promedio_venta": 655.25,
  "timestamp": 1773919609.7571342,
  "human_date": "2026-03-19 11:26:54"
}