{
  "dolar": 622.2135,
  "euro": 708.39006975,
  "usdt": 773.9,
  "usdt_promedio_compra": 776.59,
  "usdt_promedio_venta": 765.49,
  "fecha_bcv": null,
  "timestamp": 1782496148.1054657,
  "human_date": "2026-06-26 17:49:32"
}