{
  "dolar": 431.0113,
  "euro": 499.61536862,
  "usdt": 618.0,
  "usdt_promedio_compra": 621.75,
  "usdt_promedio_venta": 612.54,
  "timestamp": 1772814382.3480444,
  "human_date": "2026-03-06 16:26:27"
}