{
  "dolar": 481.6989,
  "euro": 567.58099688,
  "usdt": 633.4,
  "usdt_promedio_compra": 634.4,
  "usdt_promedio_venta": 626.82,
  "timestamp": 1776724348.3130808,
  "human_date": "2026-04-20 22:32:33"
}