{
  "dolar": 471.7004,
  "euro": 543.94131626,
  "usdt": 667.7,
  "usdt_promedio_compra": 676.07,
  "usdt_promedio_venta": 636.33,
  "timestamp": 1774851805.234301,
  "human_date": "2026-03-30 06:23:29"
}