{
  "dolar": 455.2547,
  "euro": 524.50804496,
  "usdt": 661.9,
  "usdt_promedio_compra": 670.86,
  "usdt_promedio_venta": 631.94,
  "timestamp": 1773998989.4919333,
  "human_date": "2026-03-20 09:29:54"
}