{
  "dolar": 483.3379,
  "euro": 567.01335724,
  "usdt": 631.399,
  "usdt_promedio_compra": 632.45,
  "usdt_promedio_venta": 624.52,
  "timestamp": 1776897415.2832465,
  "human_date": "2026-04-22 22:36:59"
}