{
  "dolar": 419.9873,
  "euro": 495.60601336,
  "usdt": 604.0,
  "usdt_promedio_compra": 607.65,
  "usdt_promedio_venta": 599.41,
  "timestamp": 1772454717.787394,
  "human_date": "2026-03-02 12:32:02"
}