{
  "dolar": 489.5547,
  "euro": 574.19381208,
  "usdt": 633.3,
  "usdt_promedio_compra": 634.24,
  "usdt_promedio_venta": 628.54,
  "timestamp": 1777736940.3483799,
  "human_date": "2026-05-02 15:49:05"
}