{
  "dolar": 448.3686,
  "euro": 514.97823921,
  "usdt": 658.898,
  "usdt_promedio_compra": 663.25,
  "usdt_promedio_venta": 653.29,
  "timestamp": 1773762792.6811404,
  "human_date": "2026-03-17 15:53:17"
}