{
  "dolar": 484.7404,
  "euro": 567.40318041,
  "usdt": 631.2,
  "usdt_promedio_compra": 637.52,
  "usdt_promedio_venta": 608.84,
  "timestamp": 1777265893.2439735,
  "human_date": "2026-04-27 04:58:17"
}