{
  "dolar": 459.4525,
  "euro": 533.45651417,
  "usdt": 666.8,
  "usdt_promedio_compra": 669.0,
  "usdt_promedio_venta": 656.01,
  "timestamp": 1774384204.4747713,
  "human_date": "2026-03-24 20:30:09"
}