{
  "dolar": 468.5145,
  "euro": 541.19046924,
  "usdt": 667.45,
  "usdt_promedio_compra": 669.04,
  "usdt_promedio_venta": 661.29,
  "timestamp": 1774554531.687203,
  "human_date": "2026-03-26 19:48:56"
}