{
  "dolar": 446.8048,
  "euro": 511.22064801,
  "usdt": 626.57,
  "usdt_promedio_compra": 628.8,
  "usdt_promedio_venta": 619.85,
  "timestamp": 1773440324.2084625,
  "human_date": "2026-03-13 22:18:48"
}