{
  "dolar": 446.8048,
  "euro": 511.22064801,
  "usdt": 632.2,
  "usdt_promedio_compra": 634.05,
  "usdt_promedio_venta": 624.06,
  "timestamp": 1773609442.629298,
  "human_date": "2026-03-15 21:17:27"
}