{
  "dolar": 457.0757,
  "euro": 527.7944523,
  "usdt": 657.78,
  "usdt_promedio_compra": 659.32,
  "usdt_promedio_venta": 649.91,
  "timestamp": 1774124018.6651988,
  "human_date": "2026-03-21 20:13:43"
}