{
  "dolar": 425.6741,
  "euro": 491.49182934,
  "usdt": 652.0,
  "usdt_promedio_compra": 659.74,
  "usdt_promedio_venta": 648.13,
  "timestamp": 1772652659.3667853,
  "human_date": "2026-03-04 19:31:03"
}