{
  "dolar": 457.0757,
  "euro": 527.7944523,
  "usdt": 653.0,
  "usdt_promedio_compra": 657.88,
  "usdt_promedio_venta": 639.02,
  "timestamp": 1774265761.4738657,
  "human_date": "2026-03-23 11:36:05"
}