{
  "dolar": 446.8048,
  "euro": 511.22064801,
  "usdt": 630.8,
  "usdt_promedio_compra": 633.57,
  "usdt_promedio_venta": 622.63,
  "timestamp": 1773591550.8928783,
  "human_date": "2026-03-15 16:19:15"
}