{
  "dolar": 425.6741,
  "euro": 491.49182934,
  "usdt": 626.0,
  "usdt_promedio_compra": 629.26,
  "usdt_promedio_venta": 621.37,
  "timestamp": 1772627456.1617913,
  "human_date": "2026-03-04 12:31:00"
}