{
  "dolar": 419.9873,
  "euro": 495.60601336,
  "usdt": 618.0,
  "usdt_promedio_compra": 621.15,
  "usdt_promedio_venta": 610.8,
  "timestamp": 1772482984.7989361,
  "human_date": "2026-03-02 20:23:09"
}