{
  "dolar": 481.2177,
  "euro": 568.51540295,
  "usdt": 632.3,
  "usdt_promedio_compra": 633.86,
  "usdt_promedio_venta": 624.78,
  "timestamp": 1776710961.6681943,
  "human_date": "2026-04-20 18:49:26"
}