{
  "dolar": 477.6259,
  "euro": 559.20917997,
  "usdt": 644.0,
  "usdt_promedio_compra": 645.8,
  "usdt_promedio_venta": 636.69,
  "timestamp": 1776189357.0127914,
  "human_date": "2026-04-14 17:56:02"
}