{
  "dolar": 436.2419,
  "euro": 505.41677808,
  "usdt": 623.0,
  "usdt_promedio_compra": 646.32,
  "usdt_promedio_venta": 585.21,
  "timestamp": 1773131297.3869786,
  "human_date": "2026-03-10 08:28:21"
}