{
  "dolar": 481.2177,
  "euro": 568.51540295,
  "usdt": 623.999,
  "usdt_promedio_compra": 627.94,
  "usdt_promedio_venta": 593.54,
  "timestamp": 1776579771.7801192,
  "human_date": "2026-04-19 06:22:56"
}