{
  "dolar": 468.5145,
  "euro": 541.19046924,
  "usdt": 667.295,
  "usdt_promedio_compra": 669.43,
  "usdt_promedio_venta": 659.61,
  "timestamp": 1774563423.2543144,
  "human_date": "2026-03-26 22:17:07"
}