{
  "dolar": 477.1488,
  "euro": 560.04863251,
  "usdt": 623.6,
  "usdt_promedio_compra": 627.97,
  "usdt_promedio_venta": 620.51,
  "timestamp": 1776091463.7222128,
  "human_date": "2026-04-13 14:44:28"
}