{
  "dolar": 419.9873,
  "euro": 495.60601336,
  "usdt": 605.0,
  "usdt_promedio_compra": 607.03,
  "usdt_promedio_venta": 599.55,
  "timestamp": 1772385208.6306674,
  "human_date": "2026-03-01 17:13:32"
}