{
  "dolar": 481.2177,
  "euro": 568.51540295,
  "usdt": 623.4,
  "usdt_promedio_compra": 624.41,
  "usdt_promedio_venta": 617.6,
  "timestamp": 1776619605.38715,
  "human_date": "2026-04-19 17:26:50"
}