{
  "dolar": 486.1955,
  "euro": 569.42730764,
  "usdt": 646.0,
  "usdt_promedio_compra": 647.85,
  "usdt_promedio_venta": 640.38,
  "timestamp": 1777468732.4223769,
  "human_date": "2026-04-29 13:18:56"
}