{
  "dolar": 438.205,
  "euro": 510.2108456,
  "usdt": 626.0,
  "usdt_promedio_compra": 630.09,
  "usdt_promedio_venta": 619.71,
  "timestamp": 1773257689.0580611,
  "human_date": "2026-03-11 19:34:53"
}