{
  "dolar": 433.1664,
  "euro": 501.72797779,
  "usdt": 619.0,
  "usdt_promedio_compra": 628.25,
  "usdt_promedio_venta": 593.9,
  "timestamp": 1772875098.9130776,
  "human_date": "2026-03-07 09:18:23"
}