{
  "dolar": 481.2177,
  "euro": 568.51540295,
  "usdt": 622.4,
  "usdt_promedio_compra": 624.47,
  "usdt_promedio_venta": 610.67,
  "timestamp": 1776597995.290326,
  "human_date": "2026-04-19 11:26:40"
}