{
  "dolar": 475.0083,
  "euro": 549.69860509,
  "usdt": 641.998,
  "usdt_promedio_compra": 643.36,
  "usdt_promedio_venta": 635.84,
  "timestamp": 1775652821.2010956,
  "human_date": "2026-04-08 12:53:45"
}