{
  "dolar": 466.6014,
  "euro": 540.17044273,
  "usdt": 677.377,
  "usdt_promedio_compra": 694.39,
  "usdt_promedio_venta": 649.47,
  "timestamp": 1774505105.6265347,
  "human_date": "2026-03-26 06:05:10"
}