{
  "dolar": 484.7404,
  "euro": 567.40318041,
  "usdt": 631.75,
  "usdt_promedio_compra": 635.42,
  "usdt_promedio_venta": 617.85,
  "timestamp": 1777199711.390442,
  "human_date": "2026-04-26 10:35:15"
}