{
  "dolar": 489.5547,
  "euro": 574.19381208,
  "usdt": 633.97,
  "usdt_promedio_compra": 635.53,
  "usdt_promedio_venta": 624.17,
  "timestamp": 1777808603.0566912,
  "human_date": "2026-05-03 11:43:28"
}