{
  "dolar": 489.5547,
  "euro": 574.19381208,
  "usdt": 633.947,
  "usdt_promedio_compra": 643.84,
  "usdt_promedio_venta": 608.59,
  "timestamp": 1777875567.0763097,
  "human_date": "2026-05-04 06:19:31"
}