{
  "dolar": 421.8772,
  "euro": 493.53726119,
  "usdt": 621.4,
  "usdt_promedio_compra": 639.01,
  "usdt_promedio_venta": 582.65,
  "timestamp": 1772530247.9136004,
  "human_date": "2026-03-03 09:30:52"
}