{
  "dolar": 471.7004,
  "euro": 543.94131626,
  "usdt": 660.299,
  "usdt_promedio_compra": 661.14,
  "usdt_promedio_venta": 652.77,
  "timestamp": 1774886347.4025583,
  "human_date": "2026-03-30 15:59:12"
}