{
  "dolar": 481.2177,
  "euro": 568.51540295,
  "usdt": 619.899,
  "usdt_promedio_compra": 621.71,
  "usdt_promedio_venta": 613.38,
  "timestamp": 1776515716.264484,
  "human_date": "2026-04-18 12:35:21"
}