{
  "dolar": 481.6989,
  "euro": 567.58099688,
  "usdt": 634.95,
  "usdt_promedio_compra": 635.97,
  "usdt_promedio_venta": 628.8,
  "timestamp": 1776727971.6324816,
  "human_date": "2026-04-20 23:32:57"
}