{
  "dolar": 474.0598,
  "euro": 550.89541238,
  "usdt": 633.8,
  "usdt_promedio_compra": 654.09,
  "usdt_promedio_venta": 575.15,
  "timestamp": 1775456627.2063406,
  "human_date": "2026-04-06 06:23:52"
}