{
  "dolar": 433.1664,
  "euro": 501.72797779,
  "usdt": 610.8,
  "usdt_promedio_compra": 612.1,
  "usdt_promedio_venta": 603.63,
  "timestamp": 1772910812.376119,
  "human_date": "2026-03-07 19:13:36"
}