{
  "dolar": 440.9657,
  "euro": 510.48835226,
  "usdt": 627.999,
  "usdt_promedio_compra": 630.98,
  "usdt_promedio_venta": 615.85,
  "timestamp": 1773314683.057906,
  "human_date": "2026-03-12 11:24:47"
}