{
  "dolar": 481.2177,
  "euro": 568.51540295,
  "usdt": 621.39,
  "usdt_promedio_compra": 622.43,
  "usdt_promedio_venta": 615.81,
  "timestamp": 1776529570.577462,
  "human_date": "2026-04-18 16:26:15"
}