{
  "dolar": 471.7004,
  "euro": 543.94131626,
  "usdt": 658.5,
  "usdt_promedio_compra": 660.03,
  "usdt_promedio_venta": 652.37,
  "timestamp": 1774896236.788391,
  "human_date": "2026-03-30 18:44:01"
}