{
  "dolar": 489.5547,
  "euro": 574.19381208,
  "usdt": 632.0,
  "usdt_promedio_compra": 633.7,
  "usdt_promedio_venta": 628.09,
  "timestamp": 1777848181.1186466,
  "human_date": "2026-05-03 22:43:06"
}