{
  "dolar": 485.2251,
  "euro": 569.29520082,
  "usdt": 646.0,
  "usdt_promedio_compra": 647.42,
  "usdt_promedio_venta": 639.52,
  "timestamp": 1777329542.0533721,
  "human_date": "2026-04-27 22:39:11"
}