{
  "dolar": 477.1488,
  "euro": 560.04863251,
  "usdt": 628.0,
  "usdt_promedio_compra": 629.73,
  "usdt_promedio_venta": 621.67,
  "timestamp": 1776096295.3161747,
  "human_date": "2026-04-13 16:04:59"
}