{
  "dolar": 477.1488,
  "euro": 560.04863251,
  "usdt": 636.27,
  "usdt_promedio_compra": 637.47,
  "usdt_promedio_venta": 630.19,
  "timestamp": 1775938768.6781254,
  "human_date": "2026-04-11 20:19:33"
}