{
  "dolar": 431.0113,
  "euro": 499.61536862,
  "usdt": 630.9,
  "usdt_promedio_compra": 667.85,
  "usdt_promedio_venta": 588.94,
  "timestamp": 1772773756.179143,
  "human_date": "2026-03-06 05:09:20"
}