{
  "dolar": 474.0598,
  "euro": 550.89541238,
  "usdt": 651.09,
  "usdt_promedio_compra": 654.9,
  "usdt_promedio_venta": 635.81,
  "timestamp": 1775212356.4871852,
  "human_date": "2026-04-03 10:32:40"
}