{
  "dolar": 474.0598,
  "euro": 550.89541238,
  "usdt": 654.9,
  "usdt_promedio_compra": 656.39,
  "usdt_promedio_venta": 650.6,
  "timestamp": 1775082337.2490466,
  "human_date": "2026-04-01 22:25:42"
}