{
  "dolar": 440.9657,
  "euro": 510.48835226,
  "usdt": 629.0,
  "usdt_promedio_compra": 634.95,
  "usdt_promedio_venta": 584.88,
  "timestamp": 1773304178.5880244,
  "human_date": "2026-03-12 08:29:42"
}