{
  "dolar": 446.8048,
  "euro": 511.22064801,
  "usdt": 631.0,
  "usdt_promedio_compra": 632.46,
  "usdt_promedio_venta": 623.79,
  "timestamp": 1773602416.2145827,
  "human_date": "2026-03-15 19:20:20"
}