{
  "dolar": 489.5547,
  "euro": 574.19381208,
  "usdt": 633.299,
  "usdt_promedio_compra": 634.04,
  "usdt_promedio_venta": 627.32,
  "timestamp": 1777732223.9914236,
  "human_date": "2026-05-02 14:30:28"
}