{
  "dolar": 489.5547,
  "euro": 574.19381208,
  "usdt": 632.16,
  "usdt_promedio_compra": 634.5,
  "usdt_promedio_venta": 626.12,
  "timestamp": 1777678046.9338481,
  "human_date": "2026-05-01 23:27:31"
}