{
  "dolar": 487.1192,
  "euro": 569.76384347,
  "usdt": 631.0,
  "usdt_promedio_compra": 632.56,
  "usdt_promedio_venta": 625.61,
  "timestamp": 1777579398.9561946,
  "human_date": "2026-04-30 20:03:23"
}