{
  "dolar": 427.9302,
  "euro": 497.42178517,
  "usdt": 633.0,
  "usdt_promedio_compra": 637.14,
  "usdt_promedio_venta": 624.31,
  "timestamp": 1772721444.8731616,
  "human_date": "2026-03-05 14:37:29"
}