{
  "dolar": 462.6687,
  "euro": 536.09422269,
  "usdt": 679.0,
  "usdt_promedio_compra": 681.1,
  "usdt_promedio_venta": 672.64,
  "timestamp": 1774457982.2898865,
  "human_date": "2026-03-25 16:59:46"
}