{
  "dolar": 478.5811,
  "euro": 564.97934598,
  "usdt": 628.2,
  "usdt_promedio_compra": 629.52,
  "usdt_promedio_venta": 618.23,
  "timestamp": 1776276043.301334,
  "human_date": "2026-04-15 18:00:48"
}