{
  "dolar": 427.9302,
  "euro": 497.42178517,
  "usdt": 638.8,
  "usdt_promedio_compra": 643.75,
  "usdt_promedio_venta": 620.42,
  "timestamp": 1772683325.7494493,
  "human_date": "2026-03-05 04:02:10"
}