{
  "dolar": 474.0598,
  "euro": 550.89541238,
  "usdt": 642.4,
  "usdt_promedio_compra": 652.82,
  "usdt_promedio_venta": 602.82,
  "timestamp": 1775285101.8129234,
  "human_date": "2026-04-04 06:45:06"
}