{
  "dolar": 446.8048,
  "euro": 511.22064801,
  "usdt": 626.3,
  "usdt_promedio_compra": 642.84,
  "usdt_promedio_venta": 577.51,
  "timestamp": 1773566592.1656396,
  "human_date": "2026-03-15 09:23:16"
}