{
  "dolar": 477.1488,
  "euro": 560.04863251,
  "usdt": 637.9,
  "usdt_promedio_compra": 639.65,
  "usdt_promedio_venta": 631.56,
  "timestamp": 1775863500.661484,
  "human_date": "2026-04-10 23:25:05"
}