{
  "dolar": 421.8772,
  "euro": 493.53726119,
  "usdt": 622.8,
  "usdt_promedio_compra": 628.02,
  "usdt_promedio_venta": 615.93,
  "timestamp": 1772573022.9461665,
  "human_date": "2026-03-03 21:23:47"
}