{
  "dolar": 419.9873,
  "euro": 495.60601336,
  "usdt": 608.799,
  "usdt_promedio_compra": 618.0,
  "usdt_promedio_venta": 575.08,
  "timestamp": 1772356762.591619,
  "human_date": "2026-03-01 09:19:27"
}