{
  "dolar": 455.2547,
  "euro": 524.50804496,
  "usdt": 668.0,
  "usdt_promedio_compra": 682.32,
  "usdt_promedio_venta": 634.83,
  "timestamp": 1773905947.3302982,
  "human_date": "2026-03-19 07:39:11"
}