{
  "dolar": 474.0598,
  "euro": 550.89541238,
  "usdt": 644.998,
  "usdt_promedio_compra": 646.34,
  "usdt_promedio_venta": 633.65,
  "timestamp": 1775224538.835091,
  "human_date": "2026-04-03 13:55:43"
}