{
  "dolar": 433.1664,
  "euro": 501.72797779,
  "usdt": 606.0,
  "usdt_promedio_compra": 609.22,
  "usdt_promedio_venta": 595.44,
  "timestamp": 1772972638.1775365,
  "human_date": "2026-03-08 12:24:02"
}