{
  "dolar": 489.5547,
  "euro": 574.19381208,
  "usdt": 634.69,
  "usdt_promedio_compra": 635.68,
  "usdt_promedio_venta": 628.25,
  "timestamp": 1777670730.167708,
  "human_date": "2026-05-01 21:25:35"
}