{
  "dolar": 474.5338,
  "euro": 547.55980648,
  "usdt": 637.0,
  "usdt_promedio_compra": 642.25,
  "usdt_promedio_venta": 609.23,
  "timestamp": 1775535795.7878745,
  "human_date": "2026-04-07 04:23:20"
}