{
  "dolar": 421.8772,
  "euro": 493.53726119,
  "usdt": 620.977,
  "usdt_promedio_compra": 638.83,
  "usdt_promedio_venta": 578.32,
  "timestamp": 1772516448.16343,
  "human_date": "2026-03-03 05:40:52"
}