{
  "dolar": 431.0113,
  "euro": 499.61536862,
  "usdt": 630.1,
  "usdt_promedio_compra": 654.31,
  "usdt_promedio_venta": 576.09,
  "timestamp": 1772782302.0479064,
  "human_date": "2026-03-06 07:31:46"
}