{
  "dolar": 471.7004,
  "euro": 543.94131626,
  "usdt": 668.579,
  "usdt_promedio_compra": 669.75,
  "usdt_promedio_venta": 662.55,
  "timestamp": 1774819284.8226974,
  "human_date": "2026-03-29 21:21:29"
}