{
  "dolar": 477.6259,
  "euro": 559.20917997,
  "usdt": 641.9,
  "usdt_promedio_compra": 650.99,
  "usdt_promedio_venta": 592.41,
  "timestamp": 1776147860.3418605,
  "human_date": "2026-04-14 06:24:24"
}