{
  "dolar": 484.7404,
  "euro": 567.40318041,
  "usdt": 631.998,
  "usdt_promedio_compra": 634.03,
  "usdt_promedio_venta": 621.62,
  "timestamp": 1777203069.3714185,
  "human_date": "2026-04-26 11:31:13"
}