{
  "dolar": 473.9176,
  "euro": 545.94833602,
  "usdt": 652.8,
  "usdt_promedio_compra": 655.38,
  "usdt_promedio_venta": 646.36,
  "timestamp": 1775069008.3801472,
  "human_date": "2026-04-01 18:43:32"
}