{
  "dolar": 489.5547,
  "euro": 574.19381208,
  "usdt": 633.92,
  "usdt_promedio_compra": 639.04,
  "usdt_promedio_venta": 607.65,
  "timestamp": 1777705296.9898973,
  "human_date": "2026-05-02 07:01:42"
}