{
  "dolar": 471.7004,
  "euro": 543.94131626,
  "usdt": 664.2,
  "usdt_promedio_compra": 666.1,
  "usdt_promedio_venta": 658.81,
  "timestamp": 1774649981.3816063,
  "human_date": "2026-03-27 22:19:45"
}