{
  "dolar": 433.1664,
  "euro": 501.72797779,
  "usdt": 610.5,
  "usdt_promedio_compra": 618.15,
  "usdt_promedio_venta": 598.62,
  "timestamp": 1773018374.8958492,
  "human_date": "2026-03-09 01:06:19"
}