{
  "dolar": 475.0083,
  "euro": 549.69860509,
  "usdt": 638.198,
  "usdt_promedio_compra": 642.33,
  "usdt_promedio_venta": 632.48,
  "timestamp": 1775611003.6595874,
  "human_date": "2026-04-08 01:16:48"
}