{
  "dolar": 443.2587,
  "euro": 510.34147165,
  "usdt": 624.6,
  "usdt_promedio_compra": 625.73,
  "usdt_promedio_venta": 618.9,
  "timestamp": 1773422771.900231,
  "human_date": "2026-03-13 17:26:16"
}