{
  "dolar": 457.0757,
  "euro": 527.7944523,
  "usdt": 656.999,
  "usdt_promedio_compra": 660.6,
  "usdt_promedio_venta": 646.07,
  "timestamp": 1774091638.4180613,
  "human_date": "2026-03-21 11:14:02"
}