{
  "dolar": 438.205,
  "euro": 510.2108456,
  "usdt": 626.0,
  "usdt_promedio_compra": 632.45,
  "usdt_promedio_venta": 610.17,
  "timestamp": 1773221534.5988429,
  "human_date": "2026-03-11 09:32:18"
}