{
  "dolar": 433.1664,
  "euro": 501.72797779,
  "usdt": 616.7,
  "usdt_promedio_compra": 618.66,
  "usdt_promedio_venta": 609.98,
  "timestamp": 1772886154.2341266,
  "human_date": "2026-03-07 12:22:38"
}