{
  "dolar": 425.6741,
  "euro": 491.49182934,
  "usdt": 631.58,
  "usdt_promedio_compra": 641.07,
  "usdt_promedio_venta": 612.89,
  "timestamp": 1772616545.6345253,
  "human_date": "2026-03-04 09:29:09"
}