{
  "dolar": 471.7004,
  "euro": 543.94131626,
  "usdt": 668.5,
  "usdt_promedio_compra": 669.98,
  "usdt_promedio_venta": 662.48,
  "timestamp": 1774714791.9567645,
  "human_date": "2026-03-28 16:19:56"
}