{
  "dolar": 475.9583,
  "euro": 556.51900185,
  "usdt": 636.77,
  "usdt_promedio_compra": 641.94,
  "usdt_promedio_venta": 581.31,
  "timestamp": 1775722190.3204672,
  "human_date": "2026-04-09 08:09:54"
}