{
  "dolar": 440.9657,
  "euro": 510.48835226,
  "usdt": 631.0,
  "usdt_promedio_compra": 634.26,
  "usdt_promedio_venta": 622.76,
  "timestamp": 1773270920.9455376,
  "human_date": "2026-03-11 23:15:25"
}