{
  "dolar": 462.6687,
  "euro": 536.09422269,
  "usdt": 666.49,
  "usdt_promedio_compra": 670.87,
  "usdt_promedio_venta": 660.6,
  "timestamp": 1774438402.0814698,
  "human_date": "2026-03-25 11:33:26"
}