{
  "dolar": 425.6741,
  "euro": 491.49182934,
  "usdt": 638.9,
  "usdt_promedio_compra": 643.28,
  "usdt_promedio_venta": 630.57,
  "timestamp": 1772641817.6015792,
  "human_date": "2026-03-04 16:30:22"
}