{
  "dolar": 471.7004,
  "euro": 543.94131626,
  "usdt": 667.4,
  "usdt_promedio_compra": 668.19,
  "usdt_promedio_venta": 659.06,
  "timestamp": 1774833450.6038063,
  "human_date": "2026-03-30 01:17:35"
}