{
  "dolar": 477.1488,
  "euro": 560.04863251,
  "usdt": 627.5,
  "usdt_promedio_compra": 630.59,
  "usdt_promedio_venta": 619.29,
  "timestamp": 1776004331.9689047,
  "human_date": "2026-04-12 14:32:16"
}