{
  "dolar": 425.6741,
  "euro": 491.49182934,
  "usdt": 630.95,
  "usdt_promedio_compra": 636.65,
  "usdt_promedio_venta": 618.92,
  "timestamp": 1772619872.7399192,
  "human_date": "2026-03-04 10:24:37"
}