{
  "dolar": 457.0757,
  "euro": 527.7944523,
  "usdt": 656.999,
  "usdt_promedio_compra": 663.11,
  "usdt_promedio_venta": 632.09,
  "timestamp": 1774069237.593065,
  "human_date": "2026-03-21 05:00:41"
}