{
  "dolar": 477.6259,
  "euro": 559.20917997,
  "usdt": 642.0,
  "usdt_promedio_compra": 653.89,
  "usdt_promedio_venta": 577.78,
  "timestamp": 1776154769.8690326,
  "human_date": "2026-04-14 08:19:34"
}