{
  "dolar": 457.0757,
  "euro": 527.7944523,
  "usdt": 655.99,
  "usdt_promedio_compra": 658.43,
  "usdt_promedio_venta": 643.0,
  "timestamp": 1774152525.4976208,
  "human_date": "2026-03-22 04:08:49"
}