{
  "dolar": 474.0598,
  "euro": 550.89541238,
  "usdt": 629.9,
  "usdt_promedio_compra": 632.49,
  "usdt_promedio_venta": 620.09,
  "timestamp": 1775438267.370087,
  "human_date": "2026-04-06 01:17:56"
}