{
  "dolar": 481.2177,
  "euro": 568.51540295,
  "usdt": 623.5,
  "usdt_promedio_compra": 624.21,
  "usdt_promedio_venta": 616.82,
  "timestamp": 1776630286.3448286,
  "human_date": "2026-04-19 20:24:51"
}