{
  "dolar": 457.0757,
  "euro": 527.7944523,
  "usdt": 658.0,
  "usdt_promedio_compra": 659.75,
  "usdt_promedio_venta": 651.02,
  "timestamp": 1774210443.5569837,
  "human_date": "2026-03-22 20:14:08"
}