{
  "dolar": 484.7404,
  "euro": 567.40318041,
  "usdt": 631.897,
  "usdt_promedio_compra": 635.08,
  "usdt_promedio_venta": 613.94,
  "timestamp": 1777186396.3746176,
  "human_date": "2026-04-26 06:53:21"
}