{
  "dolar": 466.6014,
  "euro": 540.17044273,
  "usdt": 677.399,
  "usdt_promedio_compra": 683.1,
  "usdt_promedio_venta": 658.44,
  "timestamp": 1774498987.809697,
  "human_date": "2026-03-26 04:23:12"
}