{
  "dolar": 433.1664,
  "euro": 501.72797779,
  "usdt": 619.899,
  "usdt_promedio_compra": 622.54,
  "usdt_promedio_venta": 611.64,
  "timestamp": 1773091336.4511929,
  "human_date": "2026-03-09 21:22:21"
}