{
  "dolar": 425.6741,
  "euro": 491.49182934,
  "usdt": 632.58,
  "usdt_promedio_compra": 644.99,
  "usdt_promedio_venta": 613.27,
  "timestamp": 1772605976.4182417,
  "human_date": "2026-03-04 06:33:00"
}