{
  "dolar": 475.9583,
  "euro": 556.51900185,
  "usdt": 629.9,
  "usdt_promedio_compra": 630.96,
  "usdt_promedio_venta": 621.39,
  "timestamp": 1775751058.2216492,
  "human_date": "2026-04-09 16:11:02"
}