{
  "dolar": 427.9302,
  "euro": 497.42178517,
  "usdt": 637.05,
  "usdt_promedio_compra": 639.42,
  "usdt_promedio_venta": 632.19,
  "timestamp": 1772737591.7502587,
  "human_date": "2026-03-05 19:06:36"
}