{
  "dolar": 483.3379,
  "euro": 567.01335724,
  "usdt": 630.7,
  "usdt_promedio_compra": 631.94,
  "usdt_promedio_venta": 624.74,
  "timestamp": 1776901020.6739867,
  "human_date": "2026-04-22 23:37:05"
}