{
  "dolar": 481.2177,
  "euro": 568.51540295,
  "usdt": 622.49,
  "usdt_promedio_compra": 623.75,
  "usdt_promedio_venta": 614.94,
  "timestamp": 1776554637.3937948,
  "human_date": "2026-04-18 23:24:01"
}