{
  "dolar": 443.2587,
  "euro": 510.34147165,
  "usdt": 625.0,
  "usdt_promedio_compra": 626.77,
  "usdt_promedio_venta": 619.53,
  "timestamp": 1773363853.5205135,
  "human_date": "2026-03-13 01:04:18"
}