{
  "dolar": 484.7404,
  "euro": 567.40318041,
  "usdt": 630.999,
  "usdt_promedio_compra": 631.55,
  "usdt_promedio_venta": 624.09,
  "timestamp": 1777066645.3002505,
  "human_date": "2026-04-24 21:37:29"
}