{
  "dolar": 446.8048,
  "euro": 511.22064801,
  "usdt": 626.3,
  "usdt_promedio_compra": 647.05,
  "usdt_promedio_venta": 577.28,
  "timestamp": 1773563035.32825,
  "human_date": "2026-03-15 08:24:00"
}