{
  "dolar": 484.7404,
  "euro": 567.40318041,
  "usdt": 631.95,
  "usdt_promedio_compra": 632.55,
  "usdt_promedio_venta": 626.5,
  "timestamp": 1777235166.931745,
  "human_date": "2026-04-26 20:26:12"
}