{
  "dolar": 448.3686,
  "euro": 514.97823921,
  "usdt": 652.95,
  "usdt_promedio_compra": 655.39,
  "usdt_promedio_venta": 646.08,
  "timestamp": 1773751291.648989,
  "human_date": "2026-03-17 12:41:35"
}