{
  "dolar": 455.2547,
  "euro": 524.50804496,
  "usdt": 667.0,
  "usdt_promedio_compra": 681.6,
  "usdt_promedio_venta": 637.38,
  "timestamp": 1773899438.5264683,
  "human_date": "2026-03-19 05:50:42"
}