{
  "dolar": 419.9873,
  "euro": 495.60601336,
  "usdt": 615.0,
  "usdt_promedio_compra": 666.44,
  "usdt_promedio_venta": 566.31,
  "timestamp": 1772430231.195655,
  "human_date": "2026-03-02 05:43:55"
}