{
  "dolar": 474.0598,
  "euro": 550.89541238,
  "usdt": 655.997,
  "usdt_promedio_compra": 669.48,
  "usdt_promedio_venta": 627.22,
  "timestamp": 1775123422.118151,
  "human_date": "2026-04-02 09:50:26"
}