{
  "dolar": 474.5338,
  "euro": 547.55980648,
  "usdt": 635.99,
  "usdt_promedio_compra": 637.92,
  "usdt_promedio_venta": 627.98,
  "timestamp": 1775562219.1601174,
  "human_date": "2026-04-07 11:43:43"
}