{
  "dolar": 457.0757,
  "euro": 527.7944523,
  "usdt": 655.4,
  "usdt_promedio_compra": 658.23,
  "usdt_promedio_venta": 649.54,
  "timestamp": 1774192546.848092,
  "human_date": "2026-03-22 15:15:51"
}