{
  "dolar": 484.7404,
  "euro": 567.40318041,
  "usdt": 631.998,
  "usdt_promedio_compra": 633.23,
  "usdt_promedio_venta": 627.26,
  "timestamp": 1777217578.2054143,
  "human_date": "2026-04-26 15:33:02"
}