{
  "dolar": 474.0598,
  "euro": 550.89541238,
  "usdt": 643.0,
  "usdt_promedio_compra": 643.79,
  "usdt_promedio_venta": 630.16,
  "timestamp": 1775258602.6480281,
  "human_date": "2026-04-03 23:23:27"
}