{
  "dolar": 484.7404,
  "euro": 567.40318041,
  "usdt": 631.999,
  "usdt_promedio_compra": 632.91,
  "usdt_promedio_venta": 627.72,
  "timestamp": 1777142005.5972412,
  "human_date": "2026-04-25 18:33:29"
}