{
  "dolar": 446.8048,
  "euro": 511.22064801,
  "usdt": 631.499,
  "usdt_promedio_compra": 633.21,
  "usdt_promedio_venta": 625.86,
  "timestamp": 1773605765.7227817,
  "human_date": "2026-03-15 20:16:10"
}