{
  "dolar": 471.7004,
  "euro": 543.94131626,
  "usdt": 668.8,
  "usdt_promedio_compra": 676.76,
  "usdt_promedio_venta": 627.44,
  "timestamp": 1774772859.5842566,
  "human_date": "2026-03-29 08:27:43"
}