{
  "dolar": 419.9873,
  "euro": 495.60601336,
  "usdt": 605.95,
  "usdt_promedio_compra": 608.41,
  "usdt_promedio_venta": 600.5,
  "timestamp": 1772316722.3343956,
  "human_date": "2026-02-28 22:12:06"
}