{
  "dolar": 485.2251,
  "euro": 569.29520082,
  "usdt": 646.5,
  "usdt_promedio_compra": 647.16,
  "usdt_promedio_venta": 640.42,
  "timestamp": 1777326248.4242022,
  "human_date": "2026-04-27 21:44:12"
}