{
  "dolar": 481.2177,
  "euro": 568.51540295,
  "usdt": 622.8,
  "usdt_promedio_compra": 627.65,
  "usdt_promedio_venta": 601.76,
  "timestamp": 1776508196.648616,
  "human_date": "2026-04-18 10:30:01"
}