{
  "dolar": 455.2547,
  "euro": 524.50804496,
  "usdt": 664.5,
  "usdt_promedio_compra": 666.19,
  "usdt_promedio_venta": 657.48,
  "timestamp": 1773955463.9601796,
  "human_date": "2026-03-19 21:24:28"
}