{
  "dolar": 477.1488,
  "euro": 560.04863251,
  "usdt": 634.977,
  "usdt_promedio_compra": 637.44,
  "usdt_promedio_venta": 631.44,
  "timestamp": 1775928136.977944,
  "human_date": "2026-04-11 17:22:21"
}