{
  "dolar": 457.0757,
  "euro": 527.7944523,
  "usdt": 655.85,
  "usdt_promedio_compra": 658.18,
  "usdt_promedio_venta": 650.94,
  "timestamp": 1774196196.4967148,
  "human_date": "2026-03-22 16:16:41"
}