{
  "dolar": 473.8702,
  "euro": 542.63824342,
  "usdt": 660.8,
  "usdt_promedio_compra": 668.6,
  "usdt_promedio_venta": 647.58,
  "timestamp": 1774931169.786487,
  "human_date": "2026-03-31 04:26:14"
}