{
  "dolar": 474.0598,
  "euro": 550.89541238,
  "usdt": 653.0,
  "usdt_promedio_compra": 655.33,
  "usdt_promedio_venta": 648.2,
  "timestamp": 1775158853.2074518,
  "human_date": "2026-04-02 19:40:57"
}