{
  "dolar": 474.0598,
  "euro": 550.89541238,
  "usdt": 632.9,
  "usdt_promedio_compra": 635.52,
  "usdt_promedio_venta": 621.19,
  "timestamp": 1775396713.6038775,
  "human_date": "2026-04-05 13:45:17"
}