{
  "dolar": 468.5145,
  "euro": 541.19046924,
  "usdt": 659.899,
  "usdt_promedio_compra": 661.9,
  "usdt_promedio_venta": 651.27,
  "timestamp": 1774615039.4472926,
  "human_date": "2026-03-27 12:37:23"
}