{
  "dolar": 438.205,
  "euro": 510.2108456,
  "usdt": 624.5,
  "usdt_promedio_compra": 626.44,
  "usdt_promedio_venta": 618.8,
  "timestamp": 1773232417.3968582,
  "human_date": "2026-03-11 12:33:41"
}