{
  "dolar": 455.2547,
  "euro": 524.50804496,
  "usdt": 656.0,
  "usdt_promedio_compra": 658.57,
  "usdt_promedio_venta": 649.21,
  "timestamp": 1774014792.2706409,
  "human_date": "2026-03-20 13:53:17"
}