{
  "dolar": 446.8048,
  "euro": 511.22064801,
  "usdt": 626.3,
  "usdt_promedio_compra": 642.89,
  "usdt_promedio_venta": 595.82,
  "timestamp": 1773569893.8701606,
  "human_date": "2026-03-15 10:18:18"
}