{
  "dolar": 419.9873,
  "euro": 495.60601336,
  "usdt": 607.9,
  "usdt_promedio_compra": 619.01,
  "usdt_promedio_venta": 570.02,
  "timestamp": 1772343804.065019,
  "human_date": "2026-03-01 05:43:28"
}