{
  "dolar": 481.2177,
  "euro": 568.51540295,
  "usdt": 620.0,
  "usdt_promedio_compra": 623.1,
  "usdt_promedio_venta": 617.12,
  "timestamp": 1776533259.0458932,
  "human_date": "2026-04-18 17:27:43"
}