{
  "dolar": 474.0598,
  "euro": 550.89541238,
  "usdt": 655.5,
  "usdt_promedio_compra": 662.66,
  "usdt_promedio_venta": 641.08,
  "timestamp": 1775126473.9946036,
  "human_date": "2026-04-02 10:41:18"
}