{
  "dolar": 474.5338,
  "euro": 547.55980648,
  "usdt": 629.799,
  "usdt_promedio_compra": 631.68,
  "usdt_promedio_venta": 621.33,
  "timestamp": 1775577790.6754382,
  "human_date": "2026-04-07 16:03:15"
}