{
  "dolar": 481.2177,
  "euro": 568.51540295,
  "usdt": 622.551,
  "usdt_promedio_compra": 624.24,
  "usdt_promedio_venta": 616.61,
  "timestamp": 1776627213.4944563,
  "human_date": "2026-04-19 19:33:38"
}