{
  "dolar": 474.0598,
  "euro": 550.89541238,
  "usdt": 631.7,
  "usdt_promedio_compra": 642.23,
  "usdt_promedio_venta": 597.2,
  "timestamp": 1775384549.488478,
  "human_date": "2026-04-05 10:22:33"
}