{
  "dolar": 489.5547,
  "euro": 574.19381208,
  "usdt": 633.498,
  "usdt_promedio_compra": 643.4,
  "usdt_promedio_venta": 615.47,
  "timestamp": 1777628604.752852,
  "human_date": "2026-05-01 09:43:30"
}