{
  "dolar": 481.2177,
  "euro": 568.51540295,
  "usdt": 622.677,
  "usdt_promedio_compra": 633.03,
  "usdt_promedio_venta": 598.36,
  "timestamp": 1776668948.5840545,
  "human_date": "2026-04-20 07:09:13"
}