{
  "dolar": 419.9873,
  "euro": 495.60601336,
  "usdt": 607.9,
  "usdt_promedio_compra": 618.38,
  "usdt_promedio_venta": 558.87,
  "timestamp": 1772349928.009412,
  "human_date": "2026-03-01 07:25:32"
}