{
  "dolar": 477.1488,
  "euro": 560.04863251,
  "usdt": 629.34,
  "usdt_promedio_compra": 631.53,
  "usdt_promedio_venta": 624.69,
  "timestamp": 1776102599.9694686,
  "human_date": "2026-04-13 17:50:04"
}