{
  "dolar": 477.1488,
  "euro": 560.04863251,
  "usdt": 637.5,
  "usdt_promedio_compra": 645.54,
  "usdt_promedio_venta": 627.31,
  "timestamp": 1775906486.8920217,
  "human_date": "2026-04-11 11:21:31"
}