{
  "dolar": 479.7775,
  "euro": 565.9839212,
  "usdt": 624.5,
  "usdt_promedio_compra": 629.19,
  "usdt_promedio_venta": 582.39,
  "timestamp": 1776333969.3981128,
  "human_date": "2026-04-16 10:06:14"
}