{
  "dolar": 483.3379,
  "euro": 567.01335724,
  "usdt": 630.987,
  "usdt_promedio_compra": 635.46,
  "usdt_promedio_venta": 612.18,
  "timestamp": 1776919304.8605545,
  "human_date": "2026-04-23 04:41:49"
}