{
  "dolar": 419.9873,
  "euro": 495.60601336,
  "usdt": 605.444,
  "usdt_promedio_compra": 607.84,
  "usdt_promedio_venta": 599.68,
  "timestamp": 1772377945.9947917,
  "human_date": "2026-03-01 15:12:30"
}