{
  "dolar": 478.5811,
  "euro": 564.97934598,
  "usdt": 632.5,
  "usdt_promedio_compra": 642.21,
  "usdt_promedio_venta": 593.74,
  "timestamp": 1776247572.183034,
  "human_date": "2026-04-15 10:06:16"
}