{
  "dolar": 457.0757,
  "euro": 527.7944523,
  "usdt": 657.9,
  "usdt_promedio_compra": 659.38,
  "usdt_promedio_venta": 641.3,
  "timestamp": 1774065253.8039832,
  "human_date": "2026-03-21 03:54:18"
}