{
  "dolar": 455.2547,
  "euro": 524.50804496,
  "usdt": 660.0,
  "usdt_promedio_compra": 662.32,
  "usdt_promedio_venta": 638.67,
  "timestamp": 1774005746.4486022,
  "human_date": "2026-03-20 11:22:30"
}