{
  "dolar": 431.0113,
  "euro": 499.61536862,
  "usdt": 623.0,
  "usdt_promedio_compra": 624.68,
  "usdt_promedio_venta": 614.41,
  "timestamp": 1772817960.00086,
  "human_date": "2026-03-06 17:26:04"
}