{
  "dolar": 474.0598,
  "euro": 550.89541238,
  "usdt": 653.2,
  "usdt_promedio_compra": 662.06,
  "usdt_promedio_venta": 619.3,
  "timestamp": 1775196315.120976,
  "human_date": "2026-04-03 06:05:19"
}