{
  "dolar": 443.2587,
  "euro": 510.34147165,
  "usdt": 625.7,
  "usdt_promedio_compra": 627.14,
  "usdt_promedio_venta": 618.52,
  "timestamp": 1773357454.1692991,
  "human_date": "2026-03-12 23:17:38"
}