{
  "dolar": 474.0598,
  "euro": 550.89541238,
  "usdt": 634.0,
  "usdt_promedio_compra": 636.26,
  "usdt_promedio_venta": 624.34,
  "timestamp": 1775337657.8287728,
  "human_date": "2026-04-04 21:21:02"
}