{
  "dolar": 436.2419,
  "euro": 505.41677808,
  "usdt": 621.9,
  "usdt_promedio_compra": 623.56,
  "usdt_promedio_venta": 613.24,
  "timestamp": 1773141847.593914,
  "human_date": "2026-03-10 11:24:12"
}