{
  "dolar": 475.9583,
  "euro": 556.51900185,
  "usdt": 628.0,
  "usdt_promedio_compra": 631.28,
  "usdt_promedio_venta": 623.97,
  "timestamp": 1775739384.940606,
  "human_date": "2026-04-09 12:56:29"
}