{
  "dolar": 443.2587,
  "euro": 510.34147165,
  "usdt": 625.77,
  "usdt_promedio_compra": 634.71,
  "usdt_promedio_venta": 607.47,
  "timestamp": 1773380414.011254,
  "human_date": "2026-03-13 05:40:18"
}