{
  "dolar": 457.0757,
  "euro": 527.7944523,
  "usdt": 657.0,
  "usdt_promedio_compra": 663.21,
  "usdt_promedio_venta": 628.17,
  "timestamp": 1774158293.6812046,
  "human_date": "2026-03-22 05:44:58"
}