{
  "dolar": 462.6687,
  "euro": 536.09422269,
  "usdt": 667.999,
  "usdt_promedio_compra": 670.94,
  "usdt_promedio_venta": 661.14,
  "timestamp": 1774442397.26243,
  "human_date": "2026-03-25 12:40:01"
}