{
  "dolar": 473.9176,
  "euro": 545.94833602,
  "usdt": 652.8,
  "usdt_promedio_compra": 656.38,
  "usdt_promedio_venta": 647.44,
  "timestamp": 1775075595.8745992,
  "human_date": "2026-04-01 20:33:20"
}