{
  "dolar": 483.8695,
  "euro": 566.84344186,
  "usdt": 631.9,
  "usdt_promedio_compra": 632.7,
  "usdt_promedio_venta": 626.31,
  "timestamp": 1776983564.6966643,
  "human_date": "2026-04-23 22:32:49"
}