{
  "dolar": 474.0598,
  "euro": 550.89541238,
  "usdt": 636.5,
  "usdt_promedio_compra": 638.51,
  "usdt_promedio_venta": 629.55,
  "timestamp": 1775496947.2238846,
  "human_date": "2026-04-06 17:35:51"
}