{
  "dolar": 481.2177,
  "euro": 568.51540295,
  "usdt": 619.6,
  "usdt_promedio_compra": 621.3,
  "usdt_promedio_venta": 616.15,
  "timestamp": 1776520433.4101343,
  "human_date": "2026-04-18 13:53:57"
}