{
  "dolar": 481.2177,
  "euro": 568.51540295,
  "usdt": 619.6,
  "usdt_promedio_compra": 621.54,
  "usdt_promedio_venta": 615.46,
  "timestamp": 1776522790.840637,
  "human_date": "2026-04-18 14:33:15"
}