{
  "dolar": 486.1955,
  "euro": 569.42730764,
  "usdt": 646.84,
  "usdt_promedio_compra": 647.79,
  "usdt_promedio_venta": 640.78,
  "timestamp": 1777416275.4509444,
  "human_date": "2026-04-28 22:44:39"
}