{
  "dolar": 457.0757,
  "euro": 527.7944523,
  "usdt": 657.5,
  "usdt_promedio_compra": 661.01,
  "usdt_promedio_venta": 650.52,
  "timestamp": 1774214164.9421763,
  "human_date": "2026-03-22 21:16:09"
}