{
  "dolar": 475.0083,
  "euro": 549.69860509,
  "usdt": 636.0,
  "usdt_promedio_compra": 638.66,
  "usdt_promedio_venta": 630.87,
  "timestamp": 1775600822.2892404,
  "human_date": "2026-04-07 22:27:07"
}