{
  "dolar": 479.7775,
  "euro": 565.9839212,
  "usdt": 625.9,
  "usdt_promedio_compra": 628.23,
  "usdt_promedio_venta": 618.51,
  "timestamp": 1776302651.1579063,
  "human_date": "2026-04-16 01:24:15"
}