{
  "dolar": 466.6014,
  "euro": 540.17044273,
  "usdt": 671.9,
  "usdt_promedio_compra": 675.96,
  "usdt_promedio_venta": 668.2,
  "timestamp": 1774534741.6850352,
  "human_date": "2026-03-26 14:19:06"
}