{
  "dolar": 468.5145,
  "euro": 541.19046924,
  "usdt": 662.79,
  "usdt_promedio_compra": 664.19,
  "usdt_promedio_venta": 655.64,
  "timestamp": 1774633256.8601172,
  "human_date": "2026-03-27 17:41:01"
}