{
  "dolar": 448.3686,
  "euro": 514.97823921,
  "usdt": 655.5,
  "usdt_promedio_compra": 670.45,
  "usdt_promedio_venta": 619.97,
  "timestamp": 1773726655.1641982,
  "human_date": "2026-03-17 05:50:59"
}