{
  "dolar": 471.7004,
  "euro": 543.94131626,
  "usdt": 669.499,
  "usdt_promedio_compra": 670.46,
  "usdt_promedio_venta": 660.72,
  "timestamp": 1774808730.8817332,
  "human_date": "2026-03-29 18:25:35"
}