{
  "dolar": 446.8048,
  "euro": 511.22064801,
  "usdt": 625.999,
  "usdt_promedio_compra": 627.07,
  "usdt_promedio_venta": 619.28,
  "timestamp": 1773495475.3093703,
  "human_date": "2026-03-14 13:37:59"
}