{
  "dolar": 471.7004,
  "euro": 543.94131626,
  "usdt": 668.6,
  "usdt_promedio_compra": 671.63,
  "usdt_promedio_venta": 663.72,
  "timestamp": 1774725730.9440827,
  "human_date": "2026-03-28 19:22:15"
}