{
  "dolar": 436.2419,
  "euro": 505.41677808,
  "usdt": 618.69,
  "usdt_promedio_compra": 619.38,
  "usdt_promedio_venta": 610.73,
  "timestamp": 1773174080.9921353,
  "human_date": "2026-03-10 20:21:25"
}