{
  "dolar": 433.1664,
  "euro": 501.72797779,
  "usdt": 616.0,
  "usdt_promedio_compra": 617.86,
  "usdt_promedio_venta": 610.45,
  "timestamp": 1772892841.5721426,
  "human_date": "2026-03-07 14:14:05"
}