{
  "dolar": 477.1488,
  "euro": 560.04863251,
  "usdt": 633.85,
  "usdt_promedio_compra": 636.94,
  "usdt_promedio_venta": 626.09,
  "timestamp": 1775910708.2603426,
  "human_date": "2026-04-11 12:31:53"
}