{
  "dolar": 474.0598,
  "euro": 550.89541238,
  "usdt": 635.295,
  "usdt_promedio_compra": 637.25,
  "usdt_promedio_venta": 630.37,
  "timestamp": 1775333867.1695051,
  "human_date": "2026-04-04 20:17:51"
}