{
  "dolar": 481.2177,
  "euro": 568.51540295,
  "usdt": 634.2,
  "usdt_promedio_compra": 635.64,
  "usdt_promedio_venta": 626.85,
  "timestamp": 1776720992.1128142,
  "human_date": "2026-04-20 21:36:37"
}