{
  "dolar": 448.3686,
  "euro": 514.97823921,
  "usdt": 652.999,
  "usdt_promedio_compra": 655.76,
  "usdt_promedio_venta": 642.95,
  "timestamp": 1773747318.0422409,
  "human_date": "2026-03-17 11:35:22"
}