{
  "dolar": 443.2587,
  "euro": 510.34147165,
  "usdt": 626.95,
  "usdt_promedio_compra": 629.98,
  "usdt_promedio_venta": 622.61,
  "timestamp": 1773353660.6635046,
  "human_date": "2026-03-12 22:14:25"
}