{
  "dolar": 466.6014,
  "euro": 540.17044273,
  "usdt": 677.377,
  "usdt_promedio_compra": 694.39,
  "usdt_promedio_venta": 650.36,
  "timestamp": 1774511626.6109831,
  "human_date": "2026-03-26 07:53:51"
}