{
  "dolar": 425.6741,
  "euro": 491.49182934,
  "usdt": 642.99,
  "usdt_promedio_compra": 650.83,
  "usdt_promedio_venta": 637.41,
  "timestamp": 1772659394.3556287,
  "human_date": "2026-03-04 21:23:19"
}