{
  "dolar": 440.9657,
  "euro": 510.48835226,
  "usdt": 628.0,
  "usdt_promedio_compra": 630.68,
  "usdt_promedio_venta": 613.66,
  "timestamp": 1773311287.3229487,
  "human_date": "2026-03-12 10:28:11"
}