{
  "dolar": 419.9873,
  "euro": 495.60601336,
  "usdt": 612.0,
  "usdt_promedio_compra": 614.89,
  "usdt_promedio_venta": 604.05,
  "timestamp": 1772479793.1641831,
  "human_date": "2026-03-02 19:29:58"
}