{
  "dolar": 474.0598,
  "euro": 550.89541238,
  "usdt": 634.3,
  "usdt_promedio_compra": 636.01,
  "usdt_promedio_venta": 626.93,
  "timestamp": 1775319683.3038518,
  "human_date": "2026-04-04 16:21:31"
}