{
  "dolar": 455.2547,
  "euro": 524.50804496,
  "usdt": 655.8,
  "usdt_promedio_compra": 658.44,
  "usdt_promedio_venta": 649.0,
  "timestamp": 1774031510.1307302,
  "human_date": "2026-03-20 18:31:54"
}