{
  "dolar": 481.2177,
  "euro": 568.51540295,
  "usdt": 621.907,
  "usdt_promedio_compra": 623.75,
  "usdt_promedio_venta": 612.75,
  "timestamp": 1776474924.4364896,
  "human_date": "2026-04-18 01:15:28"
}