{
  "dolar": 419.9873,
  "euro": 495.60601336,
  "usdt": 604.8,
  "usdt_promedio_compra": 607.17,
  "usdt_promedio_venta": 597.07,
  "timestamp": 1772381674.5125997,
  "human_date": "2026-03-01 16:14:38"
}