{
  "dolar": 419.9873,
  "euro": 495.60601336,
  "usdt": 607.9,
  "usdt_promedio_compra": 621.07,
  "usdt_promedio_venta": 565.26,
  "timestamp": 1772346757.0981746,
  "human_date": "2026-03-01 06:32:41"
}