{
  "dolar": 484.7404,
  "euro": 567.40318041,
  "usdt": 631.555,
  "usdt_promedio_compra": 632.72,
  "usdt_promedio_venta": 625.38,
  "timestamp": 1777166834.5651164,
  "human_date": "2026-04-26 01:27:18"
}