{
  "dolar": 485.2251,
  "euro": 569.29520082,
  "usdt": 645.2,
  "usdt_promedio_compra": 646.54,
  "usdt_promedio_venta": 638.36,
  "timestamp": 1777333261.5979512,
  "human_date": "2026-04-27 23:41:05"
}