{
  "dolar": 489.5547,
  "euro": 574.19381208,
  "usdt": 633.9,
  "usdt_promedio_compra": 634.69,
  "usdt_promedio_venta": 629.6,
  "timestamp": 1777748496.160476,
  "human_date": "2026-05-02 19:01:41"
}