{
  "dolar": 475.0083,
  "euro": 549.69860509,
  "usdt": 634.5,
  "usdt_promedio_compra": 637.64,
  "usdt_promedio_venta": 630.44,
  "timestamp": 1775675092.0086267,
  "human_date": "2026-04-08 19:04:56"
}