{
  "dolar": 475.0083,
  "euro": 549.69860509,
  "usdt": 640.0,
  "usdt_promedio_compra": 651.5,
  "usdt_promedio_venta": 617.54,
  "timestamp": 1775642244.6769216,
  "human_date": "2026-04-08 09:57:29"
}