{
  "dolar": 481.2177,
  "euro": 568.51540295,
  "usdt": 621.8,
  "usdt_promedio_compra": 623.1,
  "usdt_promedio_venta": 615.98,
  "timestamp": 1776641165.4083755,
  "human_date": "2026-04-19 23:26:09"
}