{
  "dolar": 433.1664,
  "euro": 501.72797779,
  "usdt": 616.3,
  "usdt_promedio_compra": 619.04,
  "usdt_promedio_venta": 607.54,
  "timestamp": 1772845280.785544,
  "human_date": "2026-03-07 01:01:25"
}