{
  "dolar": 480.2572,
  "euro": 565.41160413,
  "usdt": 618.78,
  "usdt_promedio_compra": 620.16,
  "usdt_promedio_venta": 612.13,
  "timestamp": 1776447546.736044,
  "human_date": "2026-04-17 17:39:11"
}