{
  "dolar": 479.7775,
  "euro": 565.9839212,
  "usdt": 623.0,
  "usdt_promedio_compra": 624.62,
  "usdt_promedio_venta": 617.05,
  "timestamp": 1776352589.169712,
  "human_date": "2026-04-16 15:16:33"
}