{
  "dolar": 431.0113,
  "euro": 499.61536862,
  "usdt": 616.3,
  "usdt_promedio_compra": 617.79,
  "usdt_promedio_venta": 605.37,
  "timestamp": 1772807307.3693001,
  "human_date": "2026-03-06 14:28:32"
}