{
  "dolar": 433.1664,
  "euro": 501.72797779,
  "usdt": 610.5,
  "usdt_promedio_compra": 612.72,
  "usdt_promedio_venta": 606.32,
  "timestamp": 1772907494.9803026,
  "human_date": "2026-03-07 18:18:19"
}