{
  "dolar": 459.4525,
  "euro": 533.45651417,
  "usdt": 663.5,
  "usdt_promedio_compra": 664.48,
  "usdt_promedio_venta": 652.92,
  "timestamp": 1774308067.183729,
  "human_date": "2026-03-23 23:21:11"
}