{
  "dolar": 489.5547,
  "euro": 574.19381208,
  "usdt": 632.69,
  "usdt_promedio_compra": 639.42,
  "usdt_promedio_venta": 622.79,
  "timestamp": 1777633190.9581816,
  "human_date": "2026-05-01 10:59:55"
}