{
  "dolar": 474.0598,
  "euro": 550.89541238,
  "usdt": 628.795,
  "usdt_promedio_compra": 631.84,
  "usdt_promedio_venta": 623.71,
  "timestamp": 1775413620.149306,
  "human_date": "2026-04-05 18:27:08"
}