{
  "dolar": 480.2572,
  "euro": 565.41160413,
  "usdt": 620.99,
  "usdt_promedio_compra": 622.4,
  "usdt_promedio_venta": 612.72,
  "timestamp": 1776461517.78152,
  "human_date": "2026-04-17 21:32:03"
}