{
  "dolar": 446.8048,
  "euro": 511.22064801,
  "usdt": 628.0,
  "usdt_promedio_compra": 639.23,
  "usdt_promedio_venta": 602.97,
  "timestamp": 1773473292.8144763,
  "human_date": "2026-03-14 07:28:18"
}