{
  "dolar": 438.205,
  "euro": 510.2108456,
  "usdt": 626.0,
  "usdt_promedio_compra": 641.09,
  "usdt_promedio_venta": 604.83,
  "timestamp": 1773211055.9567413,
  "human_date": "2026-03-11 06:37:40"
}