{
  "dolar": 484.7404,
  "euro": 567.40318041,
  "usdt": 631.95,
  "usdt_promedio_compra": 633.79,
  "usdt_promedio_venta": 625.99,
  "timestamp": 1777207092.5677118,
  "human_date": "2026-04-26 12:38:17"
}