{
  "dolar": 475.9583,
  "euro": 556.51900185,
  "usdt": 629.67,
  "usdt_promedio_compra": 632.94,
  "usdt_promedio_venta": 624.14,
  "timestamp": 1775760302.8841178,
  "human_date": "2026-04-09 18:45:07"
}