{
  "dolar": 446.8048,
  "euro": 511.22064801,
  "usdt": 626.89,
  "usdt_promedio_compra": 629.6,
  "usdt_promedio_venta": 620.95,
  "timestamp": 1773577613.413081,
  "human_date": "2026-03-15 12:26:57"
}