{
  "dolar": 471.7004,
  "euro": 543.94131626,
  "usdt": 664.987,
  "usdt_promedio_compra": 667.3,
  "usdt_promedio_venta": 660.0,
  "timestamp": 1774700974.9275527,
  "human_date": "2026-03-28 12:29:39"
}