{
  "dolar": 489.5547,
  "euro": 574.19381208,
  "usdt": 632.2,
  "usdt_promedio_compra": 634.03,
  "usdt_promedio_venta": 624.38,
  "timestamp": 1777600339.735986,
  "human_date": "2026-05-01 01:52:24"
}