{
  "dolar": 482.7586,
  "euro": 567.70963084,
  "usdt": 627.0,
  "usdt_promedio_compra": 628.44,
  "usdt_promedio_venta": 621.98,
  "timestamp": 1776880217.5283237,
  "human_date": "2026-04-22 17:50:22"
}