{
  "dolar": 476.4342,
  "euro": 556.66095493,
  "usdt": 636.9,
  "usdt_promedio_compra": 642.7,
  "usdt_promedio_venta": 576.54,
  "timestamp": 1775808893.0269885,
  "human_date": "2026-04-10 08:14:57"
}