{
  "dolar": 471.7004,
  "euro": 543.94131626,
  "usdt": 671.0,
  "usdt_promedio_compra": 672.39,
  "usdt_promedio_venta": 663.23,
  "timestamp": 1774791832.3455331,
  "human_date": "2026-03-29 13:43:57"
}