{
  "dolar": 462.6687,
  "euro": 536.09422269,
  "usdt": 670.0,
  "usdt_promedio_compra": 676.68,
  "usdt_promedio_venta": 644.32,
  "timestamp": 1774427795.1524255,
  "human_date": "2026-03-25 08:36:39"
}