{
  "dolar": 419.9873,
  "euro": 495.60601336,
  "usdt": 608.799,
  "usdt_promedio_compra": 618.31,
  "usdt_promedio_venta": 568.54,
  "timestamp": 1772360056.266664,
  "human_date": "2026-03-01 10:14:20"
}