{
  "dolar": 446.8048,
  "euro": 511.22064801,
  "usdt": 637.0,
  "usdt_promedio_compra": 651.8,
  "usdt_promedio_venta": 618.01,
  "timestamp": 1773657780.0985725,
  "human_date": "2026-03-16 10:43:04"
}