{
  "dolar": 474.0598,
  "euro": 550.89541238,
  "usdt": 633.0,
  "usdt_promedio_compra": 635.0,
  "usdt_promedio_venta": 622.89,
  "timestamp": 1775341040.4202573,
  "human_date": "2026-04-04 22:17:24"
}