{
  "dolar": 446.8048,
  "euro": 511.22064801,
  "usdt": 625.6,
  "usdt_promedio_compra": 626.74,
  "usdt_promedio_venta": 619.64,
  "timestamp": 1773526452.2232473,
  "human_date": "2026-03-14 22:14:16"
}