{
  "dolar": 419.9873,
  "euro": 495.60601336,
  "usdt": 605.999,
  "usdt_promedio_compra": 608.03,
  "usdt_promedio_venta": 600.06,
  "timestamp": 1772396028.9129658,
  "human_date": "2026-03-01 20:13:56"
}