{
  "dolar": 477.1488,
  "euro": 560.04863251,
  "usdt": 637.0,
  "usdt_promedio_compra": 639.19,
  "usdt_promedio_venta": 633.69,
  "timestamp": 1775920945.2100682,
  "human_date": "2026-04-11 15:22:29"
}