{
  "dolar": 480.2572,
  "euro": 565.41160413,
  "usdt": 624.4,
  "usdt_promedio_compra": 625.43,
  "usdt_promedio_venta": 618.31,
  "timestamp": 1776382236.6076915,
  "human_date": "2026-04-16 23:30:41"
}