{
  "dolar": 446.8048,
  "euro": 511.22064801,
  "usdt": 627.0,
  "usdt_promedio_compra": 629.36,
  "usdt_promedio_venta": 620.4,
  "timestamp": 1773581934.5208452,
  "human_date": "2026-03-15 13:38:59"
}