{
  "dolar": 483.8695,
  "euro": 566.84344186,
  "usdt": 631.0,
  "usdt_promedio_compra": 634.4,
  "usdt_promedio_venta": 621.23,
  "timestamp": 1777025841.2443688,
  "human_date": "2026-04-24 10:17:26"
}