{
  "dolar": 477.1488,
  "euro": 560.04863251,
  "usdt": 631.849,
  "usdt_promedio_compra": 632.83,
  "usdt_promedio_venta": 623.05,
  "timestamp": 1776032489.3708436,
  "human_date": "2026-04-12 22:21:34"
}