{
  "dolar": 457.0757,
  "euro": 527.7944523,
  "usdt": 657.0,
  "usdt_promedio_compra": 658.32,
  "usdt_promedio_venta": 649.68,
  "timestamp": 1774203644.4282718,
  "human_date": "2026-03-22 18:20:48"
}