{
  "dolar": 446.8048,
  "euro": 511.22064801,
  "usdt": 625.6,
  "usdt_promedio_compra": 627.22,
  "usdt_promedio_venta": 618.95,
  "timestamp": 1773519314.6898978,
  "human_date": "2026-03-14 20:15:19"
}