{
  "dolar": 489.5547,
  "euro": 574.19381208,
  "usdt": 647.89,
  "usdt_promedio_compra": 650.19,
  "usdt_promedio_venta": 640.66,
  "timestamp": 1777908639.9982498,
  "human_date": "2026-05-04 15:30:44"
}