{
  "dolar": 471.7004,
  "euro": 543.94131626,
  "usdt": 657.995,
  "usdt_promedio_compra": 660.71,
  "usdt_promedio_venta": 653.22,
  "timestamp": 1774902807.949144,
  "human_date": "2026-03-30 20:33:32"
}