{
  "dolar": 446.8048,
  "euro": 511.22064801,
  "usdt": 624.999,
  "usdt_promedio_compra": 627.43,
  "usdt_promedio_venta": 619.3,
  "timestamp": 1773491111.5706327,
  "human_date": "2026-03-14 12:25:15"
}