{
  "dolar": 474.0598,
  "euro": 550.89541238,
  "usdt": 634.188,
  "usdt_promedio_compra": 636.87,
  "usdt_promedio_venta": 623.87,
  "timestamp": 1775424063.0573525,
  "human_date": "2026-04-05 21:21:07"
}