{
  "dolar": 475.9583,
  "euro": 556.51900185,
  "usdt": 629.67,
  "usdt_promedio_compra": 631.39,
  "usdt_promedio_venta": 622.61,
  "timestamp": 1775757145.6331859,
  "human_date": "2026-04-09 17:52:30"
}