{
  "dolar": 474.0598,
  "euro": 550.89541238,
  "usdt": 654.2,
  "usdt_promedio_compra": 655.18,
  "usdt_promedio_venta": 646.44,
  "timestamp": 1775165163.3922591,
  "human_date": "2026-04-02 21:26:07"
}