{
  "dolar": 473.9176,
  "euro": 545.94833602,
  "usdt": 656.97,
  "usdt_promedio_compra": 660.21,
  "usdt_promedio_venta": 647.4,
  "timestamp": 1775043730.652945,
  "human_date": "2026-04-01 11:42:15"
}