{
  "dolar": 433.1664,
  "euro": 501.72797779,
  "usdt": 620.1,
  "usdt_promedio_compra": 622.44,
  "usdt_promedio_venta": 611.78,
  "timestamp": 1773094645.6705544,
  "human_date": "2026-03-09 22:17:30"
}