{
  "dolar": 427.9302,
  "euro": 497.42178517,
  "usdt": 635.5,
  "usdt_promedio_compra": 638.09,
  "usdt_promedio_venta": 627.41,
  "timestamp": 1772725162.160339,
  "human_date": "2026-03-05 15:39:26"
}