{
  "dolar": 468.5145,
  "euro": 541.19046924,
  "usdt": 662.5,
  "usdt_promedio_compra": 664.39,
  "usdt_promedio_venta": 654.97,
  "timestamp": 1774636861.487672,
  "human_date": "2026-03-27 18:41:06"
}