{
  "dolar": 433.1664,
  "euro": 501.72797779,
  "usdt": 619.5,
  "usdt_promedio_compra": 650.29,
  "usdt_promedio_venta": 571.08,
  "timestamp": 1773045078.997992,
  "human_date": "2026-03-09 08:31:23"
}