{
  "dolar": 475.0083,
  "euro": 549.69860509,
  "usdt": 640.0,
  "usdt_promedio_compra": 644.85,
  "usdt_promedio_venta": 630.2,
  "timestamp": 1775645496.6278396,
  "human_date": "2026-04-08 10:51:45"
}