{
  "dolar": 433.1664,
  "euro": 501.72797779,
  "usdt": 612.5,
  "usdt_promedio_compra": 623.48,
  "usdt_promedio_venta": 553.44,
  "timestamp": 1772951351.3786309,
  "human_date": "2026-03-08 06:29:15"
}