{
  "dolar": 486.1955,
  "euro": 569.42730764,
  "usdt": 647.4,
  "usdt_promedio_compra": 657.8,
  "usdt_promedio_venta": 620.37,
  "timestamp": 1777449433.4035132,
  "human_date": "2026-04-29 07:57:17"
}