{
  "dolar": 471.7004,
  "euro": 543.94131626,
  "usdt": 667.985,
  "usdt_promedio_compra": 669.13,
  "usdt_promedio_venta": 661.59,
  "timestamp": 1774822696.595387,
  "human_date": "2026-03-29 22:18:21"
}