{
  "dolar": 475.0083,
  "euro": 549.69860509,
  "usdt": 641.9,
  "usdt_promedio_compra": 645.57,
  "usdt_promedio_venta": 616.5,
  "timestamp": 1775622403.3523948,
  "human_date": "2026-04-08 04:26:47"
}