{
  "dolar": 433.1664,
  "euro": 501.72797779,
  "usdt": 606.0,
  "usdt_promedio_compra": 609.03,
  "usdt_promedio_venta": 598.74,
  "timestamp": 1772993895.9073415,
  "human_date": "2026-03-08 18:18:39"
}