{
  "dolar": 483.3379,
  "euro": 567.01335724,
  "usdt": 630.0,
  "usdt_promedio_compra": 631.28,
  "usdt_promedio_venta": 624.23,
  "timestamp": 1776907506.006405,
  "human_date": "2026-04-23 01:25:10"
}