{
  "dolar": 443.2587,
  "euro": 510.34147165,
  "usdt": 622.97,
  "usdt_promedio_compra": 624.26,
  "usdt_promedio_venta": 616.13,
  "timestamp": 1773405099.4236174,
  "human_date": "2026-03-13 12:31:44"
}