{
  "dolar": 477.6259,
  "euro": 559.20917997,
  "usdt": 639.999,
  "usdt_promedio_compra": 643.33,
  "usdt_promedio_venta": 634.6,
  "timestamp": 1776171442.6060052,
  "human_date": "2026-04-14 12:57:26"
}