{
  "dolar": 489.5547,
  "euro": 574.19381208,
  "usdt": 631.99,
  "usdt_promedio_compra": 634.65,
  "usdt_promedio_venta": 621.08,
  "timestamp": 1777782476.034511,
  "human_date": "2026-05-03 04:28:00"
}