{
  "dolar": 455.2547,
  "euro": 524.50804496,
  "usdt": 657.0,
  "usdt_promedio_compra": 658.92,
  "usdt_promedio_venta": 653.25,
  "timestamp": 1774044971.5366254,
  "human_date": "2026-03-20 22:16:16"
}