{
  "dolar": 471.7004,
  "euro": 543.94131626,
  "usdt": 667.39,
  "usdt_promedio_compra": 672.78,
  "usdt_promedio_venta": 650.27,
  "timestamp": 1774865106.5440106,
  "human_date": "2026-03-30 10:05:11"
}