{
  "dolar": 481.2177,
  "euro": 568.51540295,
  "usdt": 622.999,
  "usdt_promedio_compra": 625.01,
  "usdt_promedio_venta": 616.92,
  "timestamp": 1776537093.7800004,
  "human_date": "2026-04-18 18:31:38"
}