{
  "dolar": 459.4525,
  "euro": 533.45651417,
  "usdt": 660.997,
  "usdt_promedio_compra": 664.03,
  "usdt_promedio_venta": 639.13,
  "timestamp": 1774325220.2736528,
  "human_date": "2026-03-24 04:07:04"
}