{
  "dolar": 471.7004,
  "euro": 543.94131626,
  "usdt": 665.45,
  "usdt_promedio_compra": 667.99,
  "usdt_promedio_venta": 659.51,
  "timestamp": 1774739994.068389,
  "human_date": "2026-03-28 23:19:58"
}