{
  "dolar": 431.0113,
  "euro": 499.61536862,
  "usdt": 629.7,
  "usdt_promedio_compra": 635.1,
  "usdt_promedio_venta": 613.49,
  "timestamp": 1772769539.9450579,
  "human_date": "2026-03-06 03:59:04"
}