{
  "dolar": 446.8048,
  "euro": 511.22064801,
  "usdt": 636.5,
  "usdt_promedio_compra": 658.5,
  "usdt_promedio_venta": 609.88,
  "timestamp": 1773635365.805045,
  "human_date": "2026-03-16 04:29:30"
}