{
  "dolar": 477.1488,
  "euro": 560.04863251,
  "usdt": 635.9,
  "usdt_promedio_compra": 637.45,
  "usdt_promedio_venta": 630.85,
  "timestamp": 1775924558.1340256,
  "human_date": "2026-04-11 16:22:43"
}