{
  "dolar": 481.6989,
  "euro": 567.58099688,
  "usdt": 633.0,
  "usdt_promedio_compra": 635.03,
  "usdt_promedio_venta": 627.79,
  "timestamp": 1776772333.4551992,
  "human_date": "2026-04-21 11:52:17"
}