{
  "dolar": 446.8048,
  "euro": 511.22064801,
  "usdt": 627.0,
  "usdt_promedio_compra": 629.35,
  "usdt_promedio_venta": 617.3,
  "timestamp": 1773486885.3103802,
  "human_date": "2026-03-14 11:14:49"
}