{
  "dolar": 451.5072,
  "euro": 520.64198246,
  "usdt": 667.5,
  "usdt_promedio_compra": 669.18,
  "usdt_promedio_venta": 661.01,
  "timestamp": 1773862833.6610234,
  "human_date": "2026-03-18 19:40:38"
}