{
  "dolar": 477.1488,
  "euro": 560.04863251,
  "usdt": 631.999,
  "usdt_promedio_compra": 634.99,
  "usdt_promedio_venta": 611.56,
  "timestamp": 1775993135.7447407,
  "human_date": "2026-04-12 11:25:40"
}