{
  "dolar": 487.1192,
  "euro": 569.76384347,
  "usdt": 634.485,
  "usdt_promedio_compra": 636.61,
  "usdt_promedio_venta": 624.1,
  "timestamp": 1777513776.528754,
  "human_date": "2026-04-30 01:49:41"
}