{
  "dolar": 489.5547,
  "euro": 574.19381208,
  "usdt": 633.0,
  "usdt_promedio_compra": 638.98,
  "usdt_promedio_venta": 607.87,
  "timestamp": 1777799038.2877204,
  "human_date": "2026-05-03 09:04:07"
}