{
  "dolar": 433.1664,
  "euro": 501.72797779,
  "usdt": 612.999,
  "usdt_promedio_compra": 616.51,
  "usdt_promedio_venta": 603.93,
  "timestamp": 1773074698.457313,
  "human_date": "2026-03-09 16:45:02"
}