{
  "dolar": 419.9873,
  "euro": 495.60601336,
  "usdt": 612.1,
  "usdt_promedio_compra": 661.32,
  "usdt_promedio_venta": 575.28,
  "timestamp": 1772444197.0092144,
  "human_date": "2026-03-02 09:36:41"
}