{
  "dolar": 431.0113,
  "euro": 499.61536862,
  "usdt": 630.2,
  "usdt_promedio_compra": 654.76,
  "usdt_promedio_venta": 570.33,
  "timestamp": 1772785453.6450005,
  "human_date": "2026-03-06 08:24:18"
}