{
  "dolar": 446.8048,
  "euro": 511.22064801,
  "usdt": 628.2,
  "usdt_promedio_compra": 662.77,
  "usdt_promedio_venta": 607.64,
  "timestamp": 1773466671.8776793,
  "human_date": "2026-03-14 05:37:56"
}