{
  "dolar": 473.9176,
  "euro": 545.94833602,
  "usdt": 647.5,
  "usdt_promedio_compra": 650.42,
  "usdt_promedio_venta": 644.34,
  "timestamp": 1775065244.6159842,
  "human_date": "2026-04-01 17:40:49"
}