{
  "dolar": 471.7004,
  "euro": 543.94131626,
  "usdt": 662.8,
  "usdt_promedio_compra": 664.89,
  "usdt_promedio_venta": 656.75,
  "timestamp": 1774646672.3911169,
  "human_date": "2026-03-27 21:24:37"
}