{
  "dolar": 489.5547,
  "euro": 574.19381208,
  "usdt": 634.4,
  "usdt_promedio_compra": 636.99,
  "usdt_promedio_venta": 628.48,
  "timestamp": 1777641656.9107642,
  "human_date": "2026-05-01 13:21:01"
}