{
  "dolar": 477.1488,
  "euro": 560.04863251,
  "usdt": 639.777,
  "usdt_promedio_compra": 640.26,
  "usdt_promedio_venta": 633.53,
  "timestamp": 1775915159.2719142,
  "human_date": "2026-04-11 13:46:03"
}