{
  "dolar": 471.7004,
  "euro": 543.94131626,
  "usdt": 667.799,
  "usdt_promedio_compra": 672.05,
  "usdt_promedio_venta": 661.7,
  "timestamp": 1774787367.9362433,
  "human_date": "2026-03-29 12:29:32"
}