{
  "dolar": 474.5338,
  "euro": 547.55980648,
  "usdt": 639.9,
  "usdt_promedio_compra": 652.21,
  "usdt_promedio_venta": 584.52,
  "timestamp": 1775549048.653156,
  "human_date": "2026-04-07 08:04:12"
}