{
  "dolar": 471.7004,
  "euro": 543.94131626,
  "usdt": 659.0,
  "usdt_promedio_compra": 661.36,
  "usdt_promedio_venta": 652.91,
  "timestamp": 1774899992.261544,
  "human_date": "2026-03-30 19:46:36"
}