{
  "dolar": 484.7404,
  "euro": 567.40318041,
  "usdt": 633.395,
  "usdt_promedio_compra": 636.21,
  "usdt_promedio_venta": 628.7,
  "timestamp": 1777306708.4702082,
  "human_date": "2026-04-27 16:18:32"
}