{
  "dolar": 484.7404,
  "euro": 567.40318041,
  "usdt": 631.3,
  "usdt_promedio_compra": 632.93,
  "usdt_promedio_venta": 625.15,
  "timestamp": 1777253277.3401766,
  "human_date": "2026-04-27 01:28:01"
}