{
  "dolar": 474.0598,
  "euro": 550.89541238,
  "usdt": 634.39,
  "usdt_promedio_compra": 637.76,
  "usdt_promedio_venta": 629.92,
  "timestamp": 1775327120.8603375,
  "human_date": "2026-04-04 18:25:25"
}