{
  "dolar": 468.5145,
  "euro": 541.19046924,
  "usdt": 662.49,
  "usdt_promedio_compra": 664.66,
  "usdt_promedio_venta": 655.68,
  "timestamp": 1774620186.4750893,
  "human_date": "2026-03-27 14:03:10"
}