{
  "dolar": 433.1664,
  "euro": 501.72797779,
  "usdt": 605.6,
  "usdt_promedio_compra": 608.45,
  "usdt_promedio_venta": 599.11,
  "timestamp": 1772990061.144033,
  "human_date": "2026-03-08 17:14:45"
}