{
  "dolar": 479.7775,
  "euro": 565.9839212,
  "usdt": 624.3,
  "usdt_promedio_compra": 626.49,
  "usdt_promedio_venta": 614.4,
  "timestamp": 1776340250.728162,
  "human_date": "2026-04-16 11:50:55"
}