{
  "dolar": 484.7404,
  "euro": 567.40318041,
  "usdt": 631.7,
  "usdt_promedio_compra": 632.29,
  "usdt_promedio_venta": 626.1,
  "timestamp": 1777159625.4406786,
  "human_date": "2026-04-25 23:27:09"
}