{
  "dolar": 489.5547,
  "euro": 574.19381208,
  "usdt": 633.2,
  "usdt_promedio_compra": 634.15,
  "usdt_promedio_venta": 627.38,
  "timestamp": 1777844582.042258,
  "human_date": "2026-05-03 21:43:06"
}