{
  "dolar": 433.1664,
  "euro": 501.72797779,
  "usdt": 619.0,
  "usdt_promedio_compra": 620.39,
  "usdt_promedio_venta": 611.01,
  "timestamp": 1773098218.0931504,
  "human_date": "2026-03-09 23:17:02"
}