{
  "dolar": 421.8772,
  "euro": 493.53726119,
  "usdt": 621.4,
  "usdt_promedio_compra": 641.07,
  "usdt_promedio_venta": 560.51,
  "timestamp": 1772523282.1138234,
  "human_date": "2026-03-03 07:34:46"
}