{
  "dolar": 446.8048,
  "euro": 511.22064801,
  "usdt": 633.5,
  "usdt_promedio_compra": 636.48,
  "usdt_promedio_venta": 624.7,
  "timestamp": 1773616669.8859594,
  "human_date": "2026-03-15 23:17:54"
}