{
  "dolar": 443.2587,
  "euro": 510.34147165,
  "usdt": 625.99,
  "usdt_promedio_compra": 628.53,
  "usdt_promedio_venta": 610.57,
  "timestamp": 1773397460.839447,
  "human_date": "2026-03-13 10:24:25"
}