{
  "dolar": 477.6259,
  "euro": 559.20917997,
  "usdt": 643.0,
  "usdt_promedio_compra": 645.02,
  "usdt_promedio_venta": 635.11,
  "timestamp": 1776193131.6307623,
  "human_date": "2026-04-14 18:58:56"
}