{
  "dolar": 455.2547,
  "euro": 524.50804496,
  "usdt": 657.0,
  "usdt_promedio_compra": 659.24,
  "usdt_promedio_venta": 649.14,
  "timestamp": 1774017339.7487202,
  "human_date": "2026-03-20 14:35:48"
}