{
  "dolar": 446.8048,
  "euro": 511.22064801,
  "usdt": 628.0,
  "usdt_promedio_compra": 638.56,
  "usdt_promedio_venta": 587.41,
  "timestamp": 1773476466.1295722,
  "human_date": "2026-03-14 08:21:10"
}