{
  "dolar": 451.5072,
  "euro": 520.64198246,
  "usdt": 668.4,
  "usdt_promedio_compra": 675.01,
  "usdt_promedio_venta": 622.03,
  "timestamp": 1773816714.3316505,
  "human_date": "2026-03-18 06:51:58"
}