{
  "dolar": 440.9657,
  "euro": 510.48835226,
  "usdt": 629.0,
  "usdt_promedio_compra": 630.54,
  "usdt_promedio_venta": 619.57,
  "timestamp": 1773264087.9312782,
  "human_date": "2026-03-11 21:21:32"
}