{
  "dolar": 466.6014,
  "euro": 540.17044273,
  "usdt": 668.0,
  "usdt_promedio_compra": 670.81,
  "usdt_promedio_venta": 662.81,
  "timestamp": 1774540891.4277296,
  "human_date": "2026-03-26 16:01:35"
}