{
  "dolar": 466.6014,
  "euro": 540.17044273,
  "usdt": 677.3,
  "usdt_promedio_compra": 691.23,
  "usdt_promedio_venta": 647.74,
  "timestamp": 1774514479.5901873,
  "human_date": "2026-03-26 08:41:24"
}