{
  "dolar": 455.2547,
  "euro": 524.50804496,
  "usdt": 664.0,
  "usdt_promedio_compra": 666.89,
  "usdt_promedio_venta": 657.37,
  "timestamp": 1773928885.851736,
  "human_date": "2026-03-19 14:01:30"
}