{
  "dolar": 475.0083,
  "euro": 549.69860509,
  "usdt": 635.0,
  "usdt_promedio_compra": 637.9,
  "usdt_promedio_venta": 631.03,
  "timestamp": 1775680287.7760978,
  "human_date": "2026-04-08 20:31:32"
}