{
  "dolar": 475.9583,
  "euro": 556.51900185,
  "usdt": 636.77,
  "usdt_promedio_compra": 643.17,
  "usdt_promedio_venta": 593.49,
  "timestamp": 1775715201.322011,
  "human_date": "2026-04-09 06:13:25"
}