{
  "dolar": 477.1488,
  "euro": 560.04863251,
  "usdt": 631.8,
  "usdt_promedio_compra": 633.98,
  "usdt_promedio_venta": 623.08,
  "timestamp": 1776014698.9860854,
  "human_date": "2026-04-12 17:25:03"
}