{
  "dolar": 438.205,
  "euro": 510.2108456,
  "usdt": 628.57,
  "usdt_promedio_compra": 633.98,
  "usdt_promedio_venta": 610.04,
  "timestamp": 1773201543.5701787,
  "human_date": "2026-03-11 03:59:07"
}