{
  "dolar": 473.8702,
  "euro": 542.63824342,
  "usdt": 659.9,
  "usdt_promedio_compra": 661.84,
  "usdt_promedio_venta": 653.45,
  "timestamp": 1774961311.5597935,
  "human_date": "2026-03-31 12:48:35"
}