{
  "dolar": 481.2177,
  "euro": 568.51540295,
  "usdt": 622.5,
  "usdt_promedio_compra": 634.22,
  "usdt_promedio_venta": 594.34,
  "timestamp": 1776505021.919897,
  "human_date": "2026-04-18 09:37:06"
}