{
  "dolar": 477.6259,
  "euro": 559.20917997,
  "usdt": 637.5,
  "usdt_promedio_compra": 640.03,
  "usdt_promedio_venta": 630.26,
  "timestamp": 1776123211.1563895,
  "human_date": "2026-04-13 23:33:35"
}