{
  "dolar": 440.9657,
  "euro": 510.48835226,
  "usdt": 626.4,
  "usdt_promedio_compra": 628.42,
  "usdt_promedio_venta": 620.15,
  "timestamp": 1773340635.8111925,
  "human_date": "2026-03-12 18:37:20"
}