{
  "dolar": 483.8695,
  "euro": 566.84344186,
  "usdt": 630.0,
  "usdt_promedio_compra": 631.82,
  "usdt_promedio_venta": 623.78,
  "timestamp": 1777031473.793324,
  "human_date": "2026-04-24 11:51:18"
}