{
  "dolar": 436.2419,
  "euro": 505.41677808,
  "usdt": 620.0,
  "usdt_promedio_compra": 629.35,
  "usdt_promedio_venta": 611.09,
  "timestamp": 1773138463.9700918,
  "human_date": "2026-03-10 10:27:48"
}