{
  "dolar": 457.0757,
  "euro": 527.7944523,
  "usdt": 657.8,
  "usdt_promedio_compra": 659.53,
  "usdt_promedio_venta": 650.69,
  "timestamp": 1774207040.6362987,
  "human_date": "2026-03-22 19:17:25"
}