{
  "dolar": 489.5547,
  "euro": 574.19381208,
  "usdt": 634.3,
  "usdt_promedio_compra": 635.12,
  "usdt_promedio_venta": 627.55,
  "timestamp": 1777752293.6352217,
  "human_date": "2026-05-02 20:04:58"
}