{
  "dolar": 477.6259,
  "euro": 559.20917997,
  "usdt": 642.0,
  "usdt_promedio_compra": 649.96,
  "usdt_promedio_venta": 615.6,
  "timestamp": 1776161123.7952042,
  "human_date": "2026-04-14 10:05:27"
}