{
  "dolar": 468.5145,
  "euro": 541.19046924,
  "usdt": 665.0,
  "usdt_promedio_compra": 666.45,
  "usdt_promedio_venta": 658.22,
  "timestamp": 1774574011.5023026,
  "human_date": "2026-03-27 01:13:35"
}