{
  "dolar": 466.6014,
  "euro": 540.17044273,
  "usdt": 666.7,
  "usdt_promedio_compra": 667.88,
  "usdt_promedio_venta": 657.53,
  "timestamp": 1774547458.353771,
  "human_date": "2026-03-26 17:51:02"
}