{
  "dolar": 468.5145,
  "euro": 541.19046924,
  "usdt": 665.8,
  "usdt_promedio_compra": 671.11,
  "usdt_promedio_venta": 626.95,
  "timestamp": 1774591523.2065935,
  "human_date": "2026-03-27 06:05:28"
}