{
  "dolar": 476.4342,
  "euro": 556.66095493,
  "usdt": 639.0,
  "usdt_promedio_compra": 640.63,
  "usdt_promedio_venta": 632.74,
  "timestamp": 1775849723.7290242,
  "human_date": "2026-04-10 19:35:28"
}