{
  "dolar": 421.8772,
  "euro": 493.53726119,
  "usdt": 613.95,
  "usdt_promedio_compra": 615.32,
  "usdt_promedio_venta": 603.75,
  "timestamp": 1772552247.5930314,
  "human_date": "2026-03-03 15:37:32"
}