{
  "dolar": 473.9176,
  "euro": 545.94833602,
  "usdt": 657.0,
  "usdt_promedio_compra": 658.74,
  "usdt_promedio_venta": 650.38,
  "timestamp": 1774999408.3651872,
  "human_date": "2026-03-31 23:23:33"
}