{
  "dolar": 455.2547,
  "euro": 524.50804496,
  "usdt": 666.7,
  "usdt_promedio_compra": 682.18,
  "usdt_promedio_venta": 630.9,
  "timestamp": 1773908942.993178,
  "human_date": "2026-03-19 08:29:07"
}