{
  "dolar": 474.0598,
  "euro": 550.89541238,
  "usdt": 635.0,
  "usdt_promedio_compra": 639.03,
  "usdt_promedio_venta": 625.82,
  "timestamp": 1775310241.0646975,
  "human_date": "2026-04-04 13:44:09"
}