{
  "dolar": 455.2547,
  "euro": 524.50804496,
  "usdt": 653.0,
  "usdt_promedio_compra": 657.75,
  "usdt_promedio_venta": 644.26,
  "timestamp": 1774024185.3194582,
  "human_date": "2026-03-20 16:29:49"
}