{
  "dolar": 462.6687,
  "euro": 536.09422269,
  "usdt": 680.0,
  "usdt_promedio_compra": 682.41,
  "usdt_promedio_venta": 671.44,
  "timestamp": 1774474026.7549531,
  "human_date": "2026-03-25 21:27:11"
}