{
  "dolar": 457.0757,
  "euro": 527.7944523,
  "usdt": 657.75,
  "usdt_promedio_compra": 659.98,
  "usdt_promedio_venta": 649.84,
  "timestamp": 1774228229.531525,
  "human_date": "2026-03-23 01:10:33"
}