{
  "dolar": 489.5547,
  "euro": 574.19381208,
  "usdt": 632.9,
  "usdt_promedio_compra": 635.77,
  "usdt_promedio_venta": 626.42,
  "timestamp": 1777636787.427385,
  "human_date": "2026-05-01 11:59:52"
}