{
  "dolar": 481.2177,
  "euro": 568.51540295,
  "usdt": 623.75,
  "usdt_promedio_compra": 625.12,
  "usdt_promedio_venta": 619.77,
  "timestamp": 1776615976.4585187,
  "human_date": "2026-04-19 16:26:21"
}