{
  "dolar": 477.1488,
  "euro": 560.04863251,
  "usdt": 639.15,
  "usdt_promedio_compra": 642.54,
  "usdt_promedio_venta": 603.64,
  "timestamp": 1775902938.419573,
  "human_date": "2026-04-11 10:22:23"
}