{
  "dolar": 478.5811,
  "euro": 564.97934598,
  "usdt": 624.1,
  "usdt_promedio_compra": 627.41,
  "usdt_promedio_venta": 617.92,
  "timestamp": 1776272202.412869,
  "human_date": "2026-04-15 16:56:46"
}