{
  "dolar": 431.0113,
  "euro": 499.61536862,
  "usdt": 627.45,
  "usdt_promedio_compra": 629.94,
  "usdt_promedio_venta": 619.63,
  "timestamp": 1772759398.0262494,
  "human_date": "2026-03-06 01:10:02"
}