{
  "dolar": 484.7404,
  "euro": 567.40318041,
  "usdt": 642.995,
  "usdt_promedio_compra": 644.64,
  "usdt_promedio_venta": 636.51,
  "timestamp": 1777317301.2607765,
  "human_date": "2026-04-27 19:15:05"
}