{
  "dolar": 451.5072,
  "euro": 520.64198246,
  "usdt": 667.85,
  "usdt_promedio_compra": 670.13,
  "usdt_promedio_venta": 660.96,
  "timestamp": 1773865474.334936,
  "human_date": "2026-03-18 20:24:38"
}