{
  "dolar": 459.4525,
  "euro": 533.45651417,
  "usdt": 662.0,
  "usdt_promedio_compra": 663.95,
  "usdt_promedio_venta": 655.33,
  "timestamp": 1774381532.9808862,
  "human_date": "2026-03-24 19:45:37"
}