{
  "dolar": 474.0598,
  "euro": 550.89541238,
  "usdt": 634.5,
  "usdt_promedio_compra": 638.22,
  "usdt_promedio_venta": 629.17,
  "timestamp": 1775507249.0151045,
  "human_date": "2026-04-06 20:27:33"
}