{
  "dolar": 476.4342,
  "euro": 556.66095493,
  "usdt": 632.999,
  "usdt_promedio_compra": 634.32,
  "usdt_promedio_venta": 626.75,
  "timestamp": 1775824933.0721061,
  "human_date": "2026-04-10 12:42:17"
}