{
  "dolar": 455.2547,
  "euro": 524.50804496,
  "usdt": 665.5,
  "usdt_promedio_compra": 670.59,
  "usdt_promedio_venta": 646.39,
  "timestamp": 1773916136.5611434,
  "human_date": "2026-03-19 10:29:00"
}