{
  "dolar": 471.7004,
  "euro": 543.94131626,
  "usdt": 668.39,
  "usdt_promedio_compra": 675.02,
  "usdt_promedio_venta": 652.45,
  "timestamp": 1774676905.078599,
  "human_date": "2026-03-28 05:48:29"
}