{
  "dolar": 477.1488,
  "euro": 560.04863251,
  "usdt": 631.0,
  "usdt_promedio_compra": 633.11,
  "usdt_promedio_venta": 624.32,
  "timestamp": 1776028981.284121,
  "human_date": "2026-04-12 21:23:05"
}