{
  "dolar": 443.2587,
  "euro": 510.34147165,
  "usdt": 623.998,
  "usdt_promedio_compra": 627.92,
  "usdt_promedio_venta": 620.13,
  "timestamp": 1773412495.5808158,
  "human_date": "2026-03-13 14:34:59"
}