{
  "dolar": 446.8048,
  "euro": 511.22064801,
  "usdt": 636.5,
  "usdt_promedio_compra": 663.05,
  "usdt_promedio_venta": 603.65,
  "timestamp": 1773641595.4725955,
  "human_date": "2026-03-16 06:13:19"
}