{
  "dolar": 462.6687,
  "euro": 536.09422269,
  "usdt": 667.8,
  "usdt_promedio_compra": 676.63,
  "usdt_promedio_venta": 667.97,
  "timestamp": 1774447803.6410425,
  "human_date": "2026-03-25 14:10:08"
}