{
  "dolar": 433.1664,
  "euro": 501.72797779,
  "usdt": 607.9,
  "usdt_promedio_compra": 609.82,
  "usdt_promedio_venta": 598.87,
  "timestamp": 1772914380.4281518,
  "human_date": "2026-03-07 20:13:04"
}