{
  "dolar": 438.205,
  "euro": 510.2108456,
  "usdt": 627.8,
  "usdt_promedio_compra": 630.33,
  "usdt_promedio_venta": 621.34,
  "timestamp": 1773243424.7612936,
  "human_date": "2026-03-11 15:37:09"
}