{
  "dolar": 473.8702,
  "euro": 542.63824342,
  "usdt": 657.0,
  "usdt_promedio_compra": 658.04,
  "usdt_promedio_venta": 648.82,
  "timestamp": 1774982651.4959946,
  "human_date": "2026-03-31 18:44:15"
}