{
  "dolar": 481.2177,
  "euro": 568.51540295,
  "usdt": 622.8,
  "usdt_promedio_compra": 623.92,
  "usdt_promedio_venta": 615.8,
  "timestamp": 1776602076.094805,
  "human_date": "2026-04-19 12:34:41"
}