{
  "dolar": 481.2177,
  "euro": 568.51540295,
  "usdt": 623.0,
  "usdt_promedio_compra": 624.03,
  "usdt_promedio_venta": 618.1,
  "timestamp": 1776623533.099577,
  "human_date": "2026-04-19 18:32:18"
}