{
  "dolar": 474.0598,
  "euro": 550.89541238,
  "usdt": 655.997,
  "usdt_promedio_compra": 663.07,
  "usdt_promedio_venta": 639.58,
  "timestamp": 1775103490.1651223,
  "human_date": "2026-04-02 04:18:14"
}