{
  "dolar": 489.5547,
  "euro": 574.19381208,
  "usdt": 634.0,
  "usdt_promedio_compra": 634.97,
  "usdt_promedio_venta": 628.14,
  "timestamp": 1777665915.672774,
  "human_date": "2026-05-01 20:05:20"
}