{
  "dolar": 443.2587,
  "euro": 510.34147165,
  "usdt": 623.6,
  "usdt_promedio_compra": 625.73,
  "usdt_promedio_venta": 618.09,
  "timestamp": 1773429836.7142174,
  "human_date": "2026-03-13 19:24:01"
}