{
  "dolar": 459.4525,
  "euro": 533.45651417,
  "usdt": 658.0,
  "usdt_promedio_compra": 661.07,
  "usdt_promedio_venta": 652.37,
  "timestamp": 1774377941.1583438,
  "human_date": "2026-03-24 18:45:45"
}