{
  "dolar": 438.205,
  "euro": 510.2108456,
  "usdt": 629.0,
  "usdt_promedio_compra": 630.15,
  "usdt_promedio_venta": 622.14,
  "timestamp": 1773240143.847811,
  "human_date": "2026-03-11 14:42:28"
}