{
  "dolar": 483.8695,
  "euro": 566.84344186,
  "usdt": 629.999,
  "usdt_promedio_compra": 630.72,
  "usdt_promedio_venta": 623.98,
  "timestamp": 1777052531.4979851,
  "human_date": "2026-04-24 17:42:15"
}