{
  "dolar": 457.0757,
  "euro": 527.7944523,
  "usdt": 657.8,
  "usdt_promedio_compra": 658.38,
  "usdt_promedio_venta": 648.82,
  "timestamp": 1774134854.0657506,
  "human_date": "2026-03-21 23:14:18"
}