{
  "dolar": 443.2587,
  "euro": 510.34147165,
  "usdt": 625.77,
  "usdt_promedio_compra": 637.9,
  "usdt_promedio_venta": 591.4,
  "timestamp": 1773387404.000602,
  "human_date": "2026-03-13 07:36:48"
}