{
  "dolar": 473.8702,
  "euro": 542.63824342,
  "usdt": 661.117,
  "usdt_promedio_compra": 662.8,
  "usdt_promedio_venta": 654.48,
  "timestamp": 1774909377.6925027,
  "human_date": "2026-03-30 22:23:02"
}