{
  "dolar": 477.1488,
  "euro": 560.04863251,
  "usdt": 639.79,
  "usdt_promedio_compra": 648.49,
  "usdt_promedio_venta": 583.96,
  "timestamp": 1775893319.1957734,
  "human_date": "2026-04-11 07:42:03"
}