{
  "dolar": 471.7004,
  "euro": 543.94131626,
  "usdt": 665.79,
  "usdt_promedio_compra": 667.93,
  "usdt_promedio_venta": 660.84,
  "timestamp": 1774705326.6491604,
  "human_date": "2026-03-28 13:42:10"
}