{
  "dolar": 476.4342,
  "euro": 556.66095493,
  "usdt": 635.985,
  "usdt_promedio_compra": 638.09,
  "usdt_promedio_venta": 627.74,
  "timestamp": 1775818385.1576653,
  "human_date": "2026-04-10 10:53:09"
}