{
  "dolar": 419.9873,
  "euro": 495.60601336,
  "usdt": 615.0,
  "usdt_promedio_compra": 671.31,
  "usdt_promedio_venta": 557.0,
  "timestamp": 1772440258.5553224,
  "human_date": "2026-03-02 08:31:02"
}