{
  "dolar": 489.5547,
  "euro": 574.19381208,
  "usdt": 633.99,
  "usdt_promedio_compra": 635.03,
  "usdt_promedio_venta": 627.18,
  "timestamp": 1777818540.2424262,
  "human_date": "2026-05-03 14:29:04"
}