{
  "dolar": 476.4342,
  "euro": 556.66095493,
  "usdt": 636.429,
  "usdt_promedio_compra": 639.12,
  "usdt_promedio_venta": 631.25,
  "timestamp": 1775846256.2018025,
  "human_date": "2026-04-10 18:37:40"
}