{
  "dolar": 455.2547,
  "euro": 524.50804496,
  "usdt": 661.7,
  "usdt_promedio_compra": 666.39,
  "usdt_promedio_venta": 637.14,
  "timestamp": 1774002421.316352,
  "human_date": "2026-03-20 10:27:05"
}