{
  "dolar": 471.7004,
  "euro": 543.94131626,
  "usdt": 668.8,
  "usdt_promedio_compra": 670.7,
  "usdt_promedio_venta": 656.37,
  "timestamp": 1774758467.8949916,
  "human_date": "2026-03-29 04:27:52"
}