{
  "dolar": 455.2547,
  "euro": 524.50804496,
  "usdt": 664.0,
  "usdt_promedio_compra": 665.73,
  "usdt_promedio_venta": 658.25,
  "timestamp": 1773938675.4938648,
  "human_date": "2026-03-19 16:44:39"
}