{
  "dolar": 457.0757,
  "euro": 527.7944523,
  "usdt": 657.0,
  "usdt_promedio_compra": 663.43,
  "usdt_promedio_venta": 631.57,
  "timestamp": 1774174570.8571877,
  "human_date": "2026-03-22 10:16:15"
}