{
  "dolar": 427.9302,
  "euro": 497.42178517,
  "usdt": 648.989,
  "usdt_promedio_compra": 651.3,
  "usdt_promedio_venta": 640.74,
  "timestamp": 1772662795.9038687,
  "human_date": "2026-03-04 22:20:00"
}