{
  "dolar": 477.1488,
  "euro": 560.04863251,
  "usdt": 630.9,
  "usdt_promedio_compra": 632.55,
  "usdt_promedio_venta": 621.78,
  "timestamp": 1776018657.1913505,
  "human_date": "2026-04-12 18:31:01"
}