{
  "dolar": 478.5811,
  "euro": 564.97934598,
  "usdt": 633.0,
  "usdt_promedio_compra": 635.48,
  "usdt_promedio_venta": 624.92,
  "timestamp": 1776206120.7664425,
  "human_date": "2026-04-14 22:35:25"
}