{
  "dolar": 475.0083,
  "euro": 549.69860509,
  "usdt": 641.68,
  "usdt_promedio_compra": 654.96,
  "usdt_promedio_venta": 594.89,
  "timestamp": 1775635499.820811,
  "human_date": "2026-04-08 08:05:03"
}