{
  "dolar": 489.5547,
  "euro": 574.19381208,
  "usdt": 633.9,
  "usdt_promedio_compra": 636.41,
  "usdt_promedio_venta": 615.9,
  "timestamp": 1777719594.8631954,
  "human_date": "2026-05-02 10:59:59"
}