{
  "dolar": 478.5811,
  "euro": 564.97934598,
  "usdt": 636.25,
  "usdt_promedio_compra": 637.37,
  "usdt_promedio_venta": 629.0,
  "timestamp": 1776202837.5215247,
  "human_date": "2026-04-14 21:40:41"
}