{
  "dolar": 438.205,
  "euro": 510.2108456,
  "usdt": 626.0,
  "usdt_promedio_compra": 640.18,
  "usdt_promedio_venta": 607.25,
  "timestamp": 1773214569.4244573,
  "human_date": "2026-03-11 07:36:13"
}