{
  "dolar": 471.7004,
  "euro": 543.94131626,
  "usdt": 667.7,
  "usdt_promedio_compra": 668.67,
  "usdt_promedio_venta": 661.77,
  "timestamp": 1774711288.4718673,
  "human_date": "2026-03-28 15:21:33"
}