{
  "dolar": 483.8695,
  "euro": 566.84344186,
  "usdt": 630.0,
  "usdt_promedio_compra": 633.6,
  "usdt_promedio_venta": 626.37,
  "timestamp": 1776974725.418582,
  "human_date": "2026-04-23 20:05:29"
}