{
  "dolar": 433.1664,
  "euro": 501.72797779,
  "usdt": 608.5,
  "usdt_promedio_compra": 617.26,
  "usdt_promedio_venta": 541.33,
  "timestamp": 1772957878.3656118,
  "human_date": "2026-03-08 08:18:03"
}