{
  "dolar": 483.3379,
  "euro": 567.01335724,
  "usdt": 628.99,
  "usdt_promedio_compra": 630.09,
  "usdt_promedio_venta": 624.82,
  "timestamp": 1776949008.0064802,
  "human_date": "2026-04-23 12:56:52"
}