{
  "dolar": 471.7004,
  "euro": 543.94131626,
  "usdt": 665.45,
  "usdt_promedio_compra": 667.48,
  "usdt_promedio_venta": 658.31,
  "timestamp": 1774653708.4755838,
  "human_date": "2026-03-27 23:21:53"
}