{
  "dolar": 462.6687,
  "euro": 536.09422269,
  "usdt": 668.9,
  "usdt_promedio_compra": 671.3,
  "usdt_promedio_venta": 656.21,
  "timestamp": 1774435050.5158956,
  "human_date": "2026-03-25 10:37:34"
}