{
  "dolar": 477.1488,
  "euro": 560.04863251,
  "usdt": 629.948,
  "usdt_promedio_compra": 635.41,
  "usdt_promedio_venta": 592.96,
  "timestamp": 1776064029.0937414,
  "human_date": "2026-04-13 07:07:13"
}