{
  "dolar": 489.5547,
  "euro": 574.19381208,
  "usdt": 633.45,
  "usdt_promedio_compra": 634.63,
  "usdt_promedio_venta": 626.43,
  "timestamp": 1777831885.7956717,
  "human_date": "2026-05-03 18:11:30"
}