{
  "dolar": 477.1488,
  "euro": 560.04863251,
  "usdt": 632.94,
  "usdt_promedio_compra": 634.55,
  "usdt_promedio_venta": 623.21,
  "timestamp": 1775949729.0273933,
  "human_date": "2026-04-11 23:22:13"
}