{
  "dolar": 455.2547,
  "euro": 524.50804496,
  "usdt": 656.999,
  "usdt_promedio_compra": 658.47,
  "usdt_promedio_venta": 646.93,
  "timestamp": 1774027694.4893374,
  "human_date": "2026-03-20 17:28:18"
}