{
  "dolar": 438.205,
  "euro": 510.2108456,
  "usdt": 627.8,
  "usdt_promedio_compra": 639.48,
  "usdt_promedio_venta": 612.7,
  "timestamp": 1773205876.404146,
  "human_date": "2026-03-11 05:11:20"
}