{
  "dolar": 486.1955,
  "euro": 569.42730764,
  "usdt": 647.4,
  "usdt_promedio_compra": 655.16,
  "usdt_promedio_venta": 629.61,
  "timestamp": 1777439855.5104191,
  "human_date": "2026-04-29 05:17:40"
}