{
  "dolar": 485.2251,
  "euro": 569.29520082,
  "usdt": 646.799,
  "usdt_promedio_compra": 649.29,
  "usdt_promedio_venta": 639.66,
  "timestamp": 1777378738.2284408,
  "human_date": "2026-04-28 12:19:02"
}