{
  "dolar": 475.9583,
  "euro": 556.51900185,
  "usdt": 637.7,
  "usdt_promedio_compra": 639.88,
  "usdt_promedio_venta": 632.55,
  "timestamp": 1775687317.2384174,
  "human_date": "2026-04-08 22:28:41"
}