{
  "dolar": 484.7404,
  "euro": 567.40318041,
  "usdt": 630.9,
  "usdt_promedio_compra": 631.96,
  "usdt_promedio_venta": 625.81,
  "timestamp": 1777125367.9841828,
  "human_date": "2026-04-25 13:56:12"
}