{
  "dolar": 474.0598,
  "euro": 550.89541238,
  "usdt": 631.489,
  "usdt_promedio_compra": 633.3,
  "usdt_promedio_venta": 618.03,
  "timestamp": 1775399164.2271063,
  "human_date": "2026-04-05 14:26:12"
}