{
  "dolar": 483.8695,
  "euro": 566.84344186,
  "usdt": 631.45,
  "usdt_promedio_compra": 632.22,
  "usdt_promedio_venta": 625.25,
  "timestamp": 1776987290.5771787,
  "human_date": "2026-04-23 23:34:55"
}