{
  "dolar": 473.8702,
  "euro": 542.63824342,
  "usdt": 658.35,
  "usdt_promedio_compra": 660.76,
  "usdt_promedio_venta": 652.86,
  "timestamp": 1774992447.7031195,
  "human_date": "2026-03-31 21:27:32"
}