{
  "dolar": 455.2547,
  "euro": 524.50804496,
  "usdt": 661.68,
  "usdt_promedio_compra": 662.75,
  "usdt_promedio_venta": 652.82,
  "timestamp": 1773968758.8140426,
  "human_date": "2026-03-20 01:06:03"
}