{
  "dolar": 481.2177,
  "euro": 568.51540295,
  "usdt": 621.997,
  "usdt_promedio_compra": 624.85,
  "usdt_promedio_venta": 601.91,
  "timestamp": 1776660504.421669,
  "human_date": "2026-04-20 04:48:29"
}