{
  "dolar": 479.7775,
  "euro": 565.9839212,
  "usdt": 625.8,
  "usdt_promedio_compra": 626.28,
  "usdt_promedio_venta": 618.4,
  "timestamp": 1776372004.4581268,
  "human_date": "2026-04-16 20:40:14"
}