{
  "dolar": 481.2177,
  "euro": 568.51540295,
  "usdt": 630.0,
  "usdt_promedio_compra": 632.0,
  "usdt_promedio_venta": 622.48,
  "timestamp": 1776707344.6415215,
  "human_date": "2026-04-20 17:49:08"
}