{
  "dolar": 433.1664,
  "euro": 501.72797779,
  "usdt": 605.7,
  "usdt_promedio_compra": 609.57,
  "usdt_promedio_venta": 598.87,
  "timestamp": 1772979315.864792,
  "human_date": "2026-03-08 14:15:40"
}