{
  "dolar": 486.1955,
  "euro": 569.42730764,
  "usdt": 644.999,
  "usdt_promedio_compra": 647.06,
  "usdt_promedio_venta": 639.52,
  "timestamp": 1777462707.4722164,
  "human_date": "2026-04-29 11:38:32"
}