{
  "dolar": 481.6989,
  "euro": 567.58099688,
  "usdt": 632.462,
  "usdt_promedio_compra": 635.13,
  "usdt_promedio_venta": 618.74,
  "timestamp": 1776746367.1340892,
  "human_date": "2026-04-21 04:39:32"
}