{
  "dolar": 480.2572,
  "euro": 565.41160413,
  "usdt": 625.0,
  "usdt_promedio_compra": 626.31,
  "usdt_promedio_venta": 619.04,
  "timestamp": 1776388906.411727,
  "human_date": "2026-04-17 01:21:50"
}