{
  "dolar": 489.5547,
  "euro": 574.19381208,
  "usdt": 633.6,
  "usdt_promedio_compra": 634.74,
  "usdt_promedio_venta": 626.67,
  "timestamp": 1777727705.4598844,
  "human_date": "2026-05-02 13:15:10"
}