{
  "dolar": 474.0598,
  "euro": 550.89541238,
  "usdt": 652.92,
  "usdt_promedio_compra": 659.99,
  "usdt_promedio_venta": 598.26,
  "timestamp": 1775205602.835086,
  "human_date": "2026-04-03 08:40:07"
}