{
  "dolar": 481.2177,
  "euro": 568.51540295,
  "usdt": 623.0,
  "usdt_promedio_compra": 639.63,
  "usdt_promedio_venta": 581.71,
  "timestamp": 1776492350.0466726,
  "human_date": "2026-04-18 06:05:54"
}