{
  "dolar": 474.0598,
  "euro": 550.89541238,
  "usdt": 650.597,
  "usdt_promedio_compra": 654.23,
  "usdt_promedio_venta": 641.87,
  "timestamp": 1775215786.1130185,
  "human_date": "2026-04-03 11:29:50"
}