{
  "dolar": 419.9873,
  "euro": 495.60601336,
  "usdt": 607.9,
  "usdt_promedio_compra": 615.39,
  "usdt_promedio_venta": 567.71,
  "timestamp": 1772353067.2104225,
  "human_date": "2026-03-01 08:17:51"
}