{
  "dolar": 474.0598,
  "euro": 550.89541238,
  "usdt": 632.4,
  "usdt_promedio_compra": 638.65,
  "usdt_promedio_venta": 584.33,
  "timestamp": 1775469501.6846104,
  "human_date": "2026-04-06 09:58:29"
}