{
  "dolar": 431.0113,
  "euro": 499.61536862,
  "usdt": 624.0,
  "usdt_promedio_compra": 627.17,
  "usdt_promedio_venta": 616.17,
  "timestamp": 1772800175.3943865,
  "human_date": "2026-03-06 12:29:39"
}