{
  "dolar": 482.7586,
  "euro": 567.70963084,
  "usdt": 623.99,
  "usdt_promedio_compra": 626.2,
  "usdt_promedio_venta": 620.0,
  "timestamp": 1776862637.9406743,
  "human_date": "2026-04-22 12:57:22"
}