{
  "dolar": 446.8048,
  "euro": 511.22064801,
  "usdt": 644.0,
  "usdt_promedio_compra": 645.83,
  "usdt_promedio_venta": 635.43,
  "timestamp": 1773679887.6243064,
  "human_date": "2026-03-16 16:51:32"
}