{
  "dolar": 448.3686,
  "euro": 514.97823921,
  "usdt": 654.3,
  "usdt_promedio_compra": 669.9,
  "usdt_promedio_venta": 616.48,
  "timestamp": 1773740592.0667853,
  "human_date": "2026-03-17 09:43:16"
}