{
  "dolar": 446.8048,
  "euro": 511.22064801,
  "usdt": 624.377,
  "usdt_promedio_compra": 626.2,
  "usdt_promedio_venta": 619.53,
  "timestamp": 1773515945.512151,
  "human_date": "2026-03-14 19:19:09"
}