{
  "dolar": 474.0598,
  "euro": 550.89541238,
  "usdt": 639.25,
  "usdt_promedio_compra": 644.4,
  "usdt_promedio_venta": 629.3,
  "timestamp": 1775301570.733152,
  "human_date": "2026-04-04 11:19:35"
}