{
  "dolar": 443.2587,
  "euro": 510.34147165,
  "usdt": 624.0,
  "usdt_promedio_compra": 625.8,
  "usdt_promedio_venta": 618.43,
  "timestamp": 1773415965.966348,
  "human_date": "2026-03-13 15:32:50"
}