{
  "dolar": 473.9176,
  "euro": 545.94833602,
  "usdt": 659.5,
  "usdt_promedio_compra": 668.26,
  "usdt_promedio_venta": 619.64,
  "timestamp": 1775037453.8981934,
  "human_date": "2026-04-01 09:57:38"
}