{
  "dolar": 419.9873,
  "euro": 495.60601336,
  "usdt": 607.699,
  "usdt_promedio_compra": 609.93,
  "usdt_promedio_venta": 601.68,
  "timestamp": 1772459521.393047,
  "human_date": "2026-03-02 13:52:05"
}