{
  "dolar": 473.8702,
  "euro": 542.63824342,
  "usdt": 657.5,
  "usdt_promedio_compra": 659.35,
  "usdt_promedio_venta": 651.17,
  "timestamp": 1774979132.0859203,
  "human_date": "2026-03-31 17:45:37"
}