{
  "dolar": 471.7004,
  "euro": 543.94131626,
  "usdt": 667.9,
  "usdt_promedio_compra": 670.1,
  "usdt_promedio_venta": 660.93,
  "timestamp": 1774801305.1851947,
  "human_date": "2026-03-29 16:21:49"
}