{
  "dolar": 455.2547,
  "euro": 524.50804496,
  "usdt": 667.0,
  "usdt_promedio_compra": 677.1,
  "usdt_promedio_venta": 639.11,
  "timestamp": 1773902607.519098,
  "human_date": "2026-03-19 06:43:31"
}