{
  "dolar": 474.0598,
  "euro": 550.89541238,
  "usdt": 644.4,
  "usdt_promedio_compra": 647.71,
  "usdt_promedio_venta": 634.42,
  "timestamp": 1775226961.3776212,
  "human_date": "2026-04-03 14:36:05"
}