{
  "dolar": 440.9657,
  "euro": 510.48835226,
  "usdt": 628.0,
  "usdt_promedio_compra": 633.3,
  "usdt_promedio_venta": 608.94,
  "timestamp": 1773307945.3281481,
  "human_date": "2026-03-12 09:32:30"
}