{
  "dolar": 457.0757,
  "euro": 527.7944523,
  "usdt": 656.0,
  "usdt_promedio_compra": 661.44,
  "usdt_promedio_venta": 632.61,
  "timestamp": 1774088128.7227533,
  "human_date": "2026-03-21 10:15:33"
}