{
  "dolar": 443.2587,
  "euro": 510.34147165,
  "usdt": 622.995,
  "usdt_promedio_compra": 624.75,
  "usdt_promedio_venta": 616.98,
  "timestamp": 1773419167.7846072,
  "human_date": "2026-03-13 16:26:12"
}