{
  "dolar": 433.1664,
  "euro": 501.72797779,
  "usdt": 605.6,
  "usdt_promedio_compra": 609.36,
  "usdt_promedio_venta": 598.91,
  "timestamp": 1772986494.8053584,
  "human_date": "2026-03-08 16:15:19"
}