{
  "dolar": 480.2572,
  "euro": 565.41160413,
  "usdt": 625.1,
  "usdt_promedio_compra": 626.29,
  "usdt_promedio_venta": 616.13,
  "timestamp": 1776426065.583079,
  "human_date": "2026-04-17 11:41:10"
}