{
  "dolar": 478.5811,
  "euro": 564.97934598,
  "usdt": 633.99,
  "usdt_promedio_compra": 645.94,
  "usdt_promedio_venta": 578.11,
  "timestamp": 1776234354.2785125,
  "human_date": "2026-04-15 06:25:58"
}