{
  "dolar": 451.5072,
  "euro": 520.64198246,
  "usdt": 668.4,
  "usdt_promedio_compra": 675.28,
  "usdt_promedio_venta": 630.74,
  "timestamp": 1773813356.958825,
  "human_date": "2026-03-18 05:56:01"
}