{
  "dolar": 474.0598,
  "euro": 550.89541238,
  "usdt": 654.9,
  "usdt_promedio_compra": 656.08,
  "usdt_promedio_venta": 649.44,
  "timestamp": 1775086012.2561536,
  "human_date": "2026-04-01 23:26:56"
}