{
  "dolar": 477.1488,
  "euro": 560.04863251,
  "usdt": 630.0,
  "usdt_promedio_compra": 631.48,
  "usdt_promedio_venta": 619.55,
  "timestamp": 1776036207.0598922,
  "human_date": "2026-04-12 23:23:31"
}