{
  "dolar": 477.1488,
  "euro": 560.04863251,
  "usdt": 628.2,
  "usdt_promedio_compra": 631.22,
  "usdt_promedio_venta": 620.11,
  "timestamp": 1776001953.9733534,
  "human_date": "2026-04-12 13:52:38"
}