{
  "dolar": 455.2547,
  "euro": 524.50804496,
  "usdt": 657.0,
  "usdt_promedio_compra": 658.87,
  "usdt_promedio_venta": 650.13,
  "timestamp": 1774035013.038026,
  "human_date": "2026-03-20 19:30:17"
}