{
  "dolar": 446.8048,
  "euro": 511.22064801,
  "usdt": 626.3,
  "usdt_promedio_compra": 639.86,
  "usdt_promedio_venta": 612.32,
  "timestamp": 1773554364.620613,
  "human_date": "2026-03-15 05:59:29"
}