{
  "dolar": 419.9873,
  "euro": 495.60601336,
  "usdt": 607.65,
  "usdt_promedio_compra": 611.22,
  "usdt_promedio_venta": 597.02,
  "timestamp": 1772413515.090486,
  "human_date": "2026-03-02 01:05:19"
}