{
  "dolar": 478.5811,
  "euro": 564.97934598,
  "usdt": 628.9,
  "usdt_promedio_compra": 629.99,
  "usdt_promedio_venta": 622.69,
  "timestamp": 1776285630.1464927,
  "human_date": "2026-04-15 20:40:34"
}