{
  "dolar": 484.7404,
  "euro": 567.40318041,
  "usdt": 631.0,
  "usdt_promedio_compra": 632.68,
  "usdt_promedio_venta": 626.72,
  "timestamp": 1777232265.1391861,
  "human_date": "2026-04-26 19:37:50"
}