{
  "dolar": 474.0598,
  "euro": 550.89541238,
  "usdt": 634.39,
  "usdt_promedio_compra": 636.33,
  "usdt_promedio_venta": 626.46,
  "timestamp": 1775316017.6097894,
  "human_date": "2026-04-04 15:20:25"
}