{
  "dolar": 474.5338,
  "euro": 547.55980648,
  "usdt": 637.0,
  "usdt_promedio_compra": 655.12,
  "usdt_promedio_venta": 606.27,
  "timestamp": 1775542331.216399,
  "human_date": "2026-04-07 06:12:15"
}