{
  "dolar": 474.0598,
  "euro": 550.89541238,
  "usdt": 634.6,
  "usdt_promedio_compra": 636.64,
  "usdt_promedio_venta": 627.96,
  "timestamp": 1775500824.849203,
  "human_date": "2026-04-06 18:40:29"
}