{
  "dolar": 473.8702,
  "euro": 542.63824342,
  "usdt": 659.999,
  "usdt_promedio_compra": 670.94,
  "usdt_promedio_venta": 639.3,
  "timestamp": 1774950795.2105098,
  "human_date": "2026-03-31 09:53:19"
}