{
  "dolar": 457.0757,
  "euro": 527.7944523,
  "usdt": 657.0,
  "usdt_promedio_compra": 661.11,
  "usdt_promedio_venta": 643.5,
  "timestamp": 1774178075.251673,
  "human_date": "2026-03-22 11:14:39"
}