{
  "dolar": 419.9873,
  "euro": 495.60601336,
  "usdt": 616.0,
  "usdt_promedio_compra": 617.96,
  "usdt_promedio_venta": 607.38,
  "timestamp": 1772468978.985498,
  "human_date": "2026-03-02 16:29:43"
}