{
  "dolar": 484.7404,
  "euro": 567.40318041,
  "usdt": 631.86,
  "usdt_promedio_compra": 632.64,
  "usdt_promedio_venta": 626.53,
  "timestamp": 1777242351.8711638,
  "human_date": "2026-04-26 22:25:56"
}