{
  "dolar": 468.5145,
  "euro": 541.19046924,
  "usdt": 668.5,
  "usdt_promedio_compra": 670.16,
  "usdt_promedio_venta": 662.97,
  "timestamp": 1774560090.1582222,
  "human_date": "2026-03-26 21:21:34"
}