{
  "dolar": 481.2177,
  "euro": 568.51540295,
  "usdt": 619.793,
  "usdt_promedio_compra": 622.03,
  "usdt_promedio_venta": 615.2,
  "timestamp": 1776697674.232168,
  "human_date": "2026-04-20 15:07:58"
}