{
  "dolar": 475.0083,
  "euro": 549.69860509,
  "usdt": 642.0,
  "usdt_promedio_compra": 643.96,
  "usdt_promedio_venta": 632.63,
  "timestamp": 1775658423.5935485,
  "human_date": "2026-04-08 14:27:07"
}