{
  "dolar": 474.0598,
  "euro": 550.89541238,
  "usdt": 646.597,
  "usdt_promedio_compra": 647.95,
  "usdt_promedio_venta": 638.97,
  "timestamp": 1775241090.6334133,
  "human_date": "2026-04-03 18:31:35"
}