{
  "dolar": 459.4525,
  "euro": 533.45651417,
  "usdt": 655.0,
  "usdt_promedio_compra": 658.72,
  "usdt_promedio_venta": 645.17,
  "timestamp": 1774356163.4681644,
  "human_date": "2026-03-24 12:42:47"
}