{
  "dolar": 455.2547,
  "euro": 524.50804496,
  "usdt": 667.999,
  "usdt_promedio_compra": 668.6,
  "usdt_promedio_venta": 660.45,
  "timestamp": 1773882587.253032,
  "human_date": "2026-03-19 01:09:51"
}