{
  "dolar": 471.7004,
  "euro": 543.94131626,
  "usdt": 667.0,
  "usdt_promedio_compra": 668.04,
  "usdt_promedio_venta": 660.44,
  "timestamp": 1774826496.2680013,
  "human_date": "2026-03-29 23:21:40"
}