{
  "dolar": 457.0757,
  "euro": 527.7944523,
  "usdt": 654.9,
  "usdt_promedio_compra": 657.94,
  "usdt_promedio_venta": 648.65,
  "timestamp": 1774189069.8603704,
  "human_date": "2026-03-22 14:17:54"
}