{
  "dolar": 479.7775,
  "euro": 565.9839212,
  "usdt": 621.93,
  "usdt_promedio_compra": 623.74,
  "usdt_promedio_venta": 617.42,
  "timestamp": 1776365766.8633142,
  "human_date": "2026-04-16 18:56:11"
}