{
  "dolar": 427.9302,
  "euro": 497.42178517,
  "usdt": 642.0,
  "usdt_promedio_compra": 648.78,
  "usdt_promedio_venta": 605.64,
  "timestamp": 1772692593.0590408,
  "human_date": "2026-03-05 06:36:37"
}