{
  "dolar": 481.6989,
  "euro": 567.58099688,
  "usdt": 629.0,
  "usdt_promedio_compra": 631.76,
  "usdt_promedio_venta": 624.07,
  "timestamp": 1776804543.1154356,
  "human_date": "2026-04-21 20:49:07"
}