{
  "dolar": 487.1192,
  "euro": 569.76384347,
  "usdt": 638.9,
  "usdt_promedio_compra": 642.64,
  "usdt_promedio_venta": 628.43,
  "timestamp": 1777502618.3205643,
  "human_date": "2026-04-29 22:43:43"
}