{
  "dolar": 481.2177,
  "euro": 568.51540295,
  "usdt": 622.677,
  "usdt_promedio_compra": 627.63,
  "usdt_promedio_venta": 607.59,
  "timestamp": 1776678407.6961255,
  "human_date": "2026-04-20 09:46:52"
}