{
  "dolar": 438.205,
  "euro": 510.2108456,
  "usdt": 621.5,
  "usdt_promedio_compra": 623.3,
  "usdt_promedio_venta": 612.82,
  "timestamp": 1773184626.5150704,
  "human_date": "2026-03-10 23:17:14"
}