{
  "dolar": 489.5547,
  "euro": 574.19381208,
  "usdt": 644.2,
  "usdt_promedio_compra": 647.01,
  "usdt_promedio_venta": 633.05,
  "timestamp": 1777900075.54682,
  "human_date": "2026-05-04 13:08:00"
}