{
  "dolar": 479.7775,
  "euro": 565.9839212,
  "usdt": 623.9,
  "usdt_promedio_compra": 625.65,
  "usdt_promedio_venta": 618.53,
  "timestamp": 1776295956.6046119,
  "human_date": "2026-04-15 23:32:40"
}