{
  "dolar": 466.6014,
  "euro": 540.17044273,
  "usdt": 665.0,
  "usdt_promedio_compra": 667.63,
  "usdt_promedio_venta": 659.39,
  "timestamp": 1774550993.3829408,
  "human_date": "2026-03-26 18:49:57"
}