{
  "dolar": 484.7404,
  "euro": 567.40318041,
  "usdt": 629.0,
  "usdt_promedio_compra": 632.39,
  "usdt_promedio_venta": 619.56,
  "timestamp": 1777116613.9230816,
  "human_date": "2026-04-25 11:30:18"
}