{
  "dolar": 468.5145,
  "euro": 541.19046924,
  "usdt": 665.4,
  "usdt_promedio_compra": 670.88,
  "usdt_promedio_venta": 620.78,
  "timestamp": 1774600694.8109288,
  "human_date": "2026-03-27 08:38:19"
}