{
  "dolar": 459.4525,
  "euro": 533.45651417,
  "usdt": 649.3,
  "usdt_promedio_compra": 652.52,
  "usdt_promedio_venta": 641.39,
  "timestamp": 1774361503.5792363,
  "human_date": "2026-03-24 14:11:47"
}