{
  "dolar": 489.5547,
  "euro": 574.19381208,
  "usdt": 633.0,
  "usdt_promedio_compra": 637.06,
  "usdt_promedio_venta": 614.09,
  "timestamp": 1777791984.45125,
  "human_date": "2026-05-03 07:06:29"
}