{
  "dolar": 459.4525,
  "euro": 533.45651417,
  "usdt": 662.85,
  "usdt_promedio_compra": 672.28,
  "usdt_promedio_venta": 623.28,
  "timestamp": 1774338358.9988294,
  "human_date": "2026-03-24 07:46:03"
}