{
  "dolar": 480.2572,
  "euro": 565.41160413,
  "usdt": 622.0,
  "usdt_promedio_compra": 622.94,
  "usdt_promedio_venta": 616.56,
  "timestamp": 1776440886.8131049,
  "human_date": "2026-04-17 15:48:11"
}