{
  "dolar": 477.1488,
  "euro": 560.04863251,
  "usdt": 637.85,
  "usdt_promedio_compra": 639.72,
  "usdt_promedio_venta": 631.93,
  "timestamp": 1775859927.0196223,
  "human_date": "2026-04-10 22:25:31"
}