{
  "dolar": 457.0757,
  "euro": 527.7944523,
  "usdt": 656.7,
  "usdt_promedio_compra": 661.56,
  "usdt_promedio_venta": 650.48,
  "timestamp": 1774281051.7218986,
  "human_date": "2026-03-23 15:50:56"
}