{
  "dolar": 433.1664,
  "euro": 501.72797779,
  "usdt": 619.5,
  "usdt_promedio_compra": 650.29,
  "usdt_promedio_venta": 566.46,
  "timestamp": 1773042172.172946,
  "human_date": "2026-03-09 07:42:56"
}