{
  "dolar": 455.2547,
  "euro": 524.50804496,
  "usdt": 660.0,
  "usdt_promedio_compra": 664.51,
  "usdt_promedio_venta": 640.0,
  "timestamp": 1773979402.0035675,
  "human_date": "2026-03-20 04:03:26"
}