{
  "dolar": 475.9583,
  "euro": 556.51900185,
  "usdt": 632.999,
  "usdt_promedio_compra": 635.05,
  "usdt_promedio_venta": 624.46,
  "timestamp": 1775735009.9231737,
  "human_date": "2026-04-09 11:43:35"
}