{
  "dolar": 481.6989,
  "euro": 567.58099688,
  "usdt": 634.0,
  "usdt_promedio_compra": 635.0,
  "usdt_promedio_venta": 626.74,
  "timestamp": 1776734483.4514945,
  "human_date": "2026-04-21 01:21:27"
}