{
  "dolar": 484.7404,
  "euro": 567.40318041,
  "usdt": 629.9,
  "usdt_promedio_compra": 631.12,
  "usdt_promedio_venta": 625.28,
  "timestamp": 1777073447.7711582,
  "human_date": "2026-04-24 23:30:52"
}