{
  "dolar": 480.2572,
  "euro": 565.41160413,
  "usdt": 621.864,
  "usdt_promedio_compra": 623.75,
  "usdt_promedio_venta": 617.28,
  "timestamp": 1776430372.294872,
  "human_date": "2026-04-17 12:52:56"
}