{
  "dolar": 446.8048,
  "euro": 511.22064801,
  "usdt": 636.0,
  "usdt_promedio_compra": 638.18,
  "usdt_promedio_venta": 625.79,
  "timestamp": 1773623658.8788812,
  "human_date": "2026-03-16 01:14:23"
}