{
  "dolar": 474.0598,
  "euro": 550.89541238,
  "usdt": 646.7,
  "usdt_promedio_compra": 648.22,
  "usdt_promedio_venta": 641.39,
  "timestamp": 1775237075.87552,
  "human_date": "2026-04-03 17:24:40"
}