{
  "dolar": 489.5547,
  "euro": 574.19381208,
  "usdt": 632.75,
  "usdt_promedio_compra": 634.23,
  "usdt_promedio_venta": 626.21,
  "timestamp": 1777836838.1317697,
  "human_date": "2026-05-03 19:34:02"
}