{
  "dolar": 446.8048,
  "euro": 511.22064801,
  "usdt": 636.489,
  "usdt_promedio_compra": 638.6,
  "usdt_promedio_venta": 627.91,
  "timestamp": 1773661097.6981647,
  "human_date": "2026-03-16 11:38:22"
}