{
  "dolar": 477.1488,
  "euro": 560.04863251,
  "usdt": 632.99,
  "usdt_promedio_compra": 641.28,
  "usdt_promedio_venta": 567.04,
  "timestamp": 1775980550.1008081,
  "human_date": "2026-04-12 07:55:54"
}