{
  "dolar": 433.1664,
  "euro": 501.72797779,
  "usdt": 618.0,
  "usdt_promedio_compra": 628.08,
  "usdt_promedio_venta": 597.6,
  "timestamp": 1772868045.4056702,
  "human_date": "2026-03-07 07:20:49"
}