{
  "dolar": 436.2419,
  "euro": 505.41677808,
  "usdt": 617.0,
  "usdt_promedio_compra": 618.93,
  "usdt_promedio_venta": 610.19,
  "timestamp": 1773171042.0445879,
  "human_date": "2026-03-10 19:30:46"
}