{
  "dolar": 443.2587,
  "euro": 510.34147165,
  "usdt": 624.62,
  "usdt_promedio_compra": 625.88,
  "usdt_promedio_venta": 618.48,
  "timestamp": 1773426383.2479382,
  "human_date": "2026-03-13 18:26:27"
}