{
  "dolar": 446.8048,
  "euro": 511.22064801,
  "usdt": 636.5,
  "usdt_promedio_compra": 659.36,
  "usdt_promedio_venta": 598.26,
  "timestamp": 1773648044.2054777,
  "human_date": "2026-03-16 08:00:48"
}