{
  "dolar": 457.0757,
  "euro": 527.7944523,
  "usdt": 649.0,
  "usdt_promedio_compra": 655.87,
  "usdt_promedio_venta": 645.63,
  "timestamp": 1774274791.9934576,
  "human_date": "2026-03-23 14:06:36"
}