{
  "dolar": 455.2547,
  "euro": 524.50804496,
  "usdt": 658.476,
  "usdt_promedio_compra": 660.07,
  "usdt_promedio_venta": 651.29,
  "timestamp": 1774041611.476452,
  "human_date": "2026-03-20 21:20:16"
}