{
  "dolar": 484.7404,
  "euro": 567.40318041,
  "usdt": 629.97,
  "usdt_promedio_compra": 633.72,
  "usdt_promedio_venta": 618.59,
  "timestamp": 1777091199.0193052,
  "human_date": "2026-04-25 04:26:43"
}