{
  "dolar": 482.7586,
  "euro": 567.70963084,
  "usdt": 627.5,
  "usdt_promedio_compra": 630.96,
  "usdt_promedio_venta": 605.39,
  "timestamp": 1776839303.9487815,
  "human_date": "2026-04-22 06:28:28"
}