{
  "dolar": 484.7404,
  "euro": 567.40318041,
  "usdt": 630.0,
  "usdt_promedio_compra": 631.18,
  "usdt_promedio_venta": 624.75,
  "timestamp": 1777069839.7817082,
  "human_date": "2026-04-24 22:30:44"
}