{
  "dolar": 473.8702,
  "euro": 542.63824342,
  "usdt": 657.85,
  "usdt_promedio_compra": 658.84,
  "usdt_promedio_venta": 651.12,
  "timestamp": 1774975992.4567122,
  "human_date": "2026-03-31 16:53:16"
}