{
  "dolar": 457.0757,
  "euro": 527.7944523,
  "usdt": 657.5,
  "usdt_promedio_compra": 661.22,
  "usdt_promedio_venta": 651.73,
  "timestamp": 1774217655.8654647,
  "human_date": "2026-03-22 22:14:20"
}