{
  "dolar": 433.1664,
  "euro": 501.72797779,
  "usdt": 614.0,
  "usdt_promedio_compra": 631.08,
  "usdt_promedio_venta": 600.38,
  "timestamp": 1773052465.263969,
  "human_date": "2026-03-09 10:34:46"
}