{
  "dolar": 468.5145,
  "euro": 541.19046924,
  "usdt": 664.0,
  "usdt_promedio_compra": 665.97,
  "usdt_promedio_venta": 657.2,
  "timestamp": 1774626024.1816962,
  "human_date": "2026-03-27 15:40:28"
}