{
  "dolar": 421.8772,
  "euro": 493.53726119,
  "usdt": 617.9,
  "usdt_promedio_compra": 619.14,
  "usdt_promedio_venta": 607.55,
  "timestamp": 1772559239.8383656,
  "human_date": "2026-03-03 17:34:04"
}