{
  "dolar": 443.2587,
  "euro": 510.34147165,
  "usdt": 625.3,
  "usdt_promedio_compra": 628.42,
  "usdt_promedio_venta": 612.46,
  "timestamp": 1773374486.8564022,
  "human_date": "2026-03-13 04:01:31"
}