{
  "dolar": 474.0598,
  "euro": 550.89541238,
  "usdt": 627.95,
  "usdt_promedio_compra": 631.36,
  "usdt_promedio_venta": 610.5,
  "timestamp": 1775392256.009028,
  "human_date": "2026-04-05 12:31:00"
}