{
  "dolar": 431.0113,
  "euro": 499.61536862,
  "usdt": 621.5,
  "usdt_promedio_compra": 624.54,
  "usdt_promedio_venta": 614.4,
  "timestamp": 1772804711.2073705,
  "human_date": "2026-03-06 13:45:16"
}