{
  "dolar": 421.8772,
  "euro": 493.53726119,
  "usdt": 609.3,
  "usdt_promedio_compra": 612.73,
  "usdt_promedio_venta": 605.69,
  "timestamp": 1772545875.1658292,
  "human_date": "2026-03-03 13:51:19"
}