{
  "dolar": 455.2547,
  "euro": 524.50804496,
  "usdt": 662.0,
  "usdt_promedio_compra": 664.27,
  "usdt_promedio_venta": 657.18,
  "timestamp": 1773923759.1485195,
  "human_date": "2026-03-19 12:36:03"
}