{
  "dolar": 481.6989,
  "euro": 567.58099688,
  "usdt": 627.432,
  "usdt_promedio_compra": 630.21,
  "usdt_promedio_venta": 624.45,
  "timestamp": 1776776215.827563,
  "human_date": "2026-04-21 12:57:00"
}