{
  "dolar": 455.2547,
  "euro": 524.50804496,
  "usdt": 668.9,
  "usdt_promedio_compra": 670.0,
  "usdt_promedio_venta": 659.08,
  "timestamp": 1773876087.895131,
  "human_date": "2026-03-18 23:21:32"
}