{
  "dolar": 483.3379,
  "euro": 567.01335724,
  "usdt": 632.98,
  "usdt_promedio_compra": 643.44,
  "usdt_promedio_venta": 604.6,
  "timestamp": 1776927250.9107864,
  "human_date": "2026-04-23 06:54:16"
}