{
  "dolar": 419.9873,
  "euro": 495.60601336,
  "usdt": 607.0,
  "usdt_promedio_compra": 611.35,
  "usdt_promedio_venta": 603.25,
  "timestamp": 1772465485.3999033,
  "human_date": "2026-03-02 15:31:30"
}