{
  "dolar": 457.0757,
  "euro": 527.7944523,
  "usdt": 657.0,
  "usdt_promedio_compra": 670.02,
  "usdt_promedio_venta": 617.52,
  "timestamp": 1774167655.0390136,
  "human_date": "2026-03-22 08:20:59"
}