{
  "dolar": 482.7586,
  "euro": 567.70963084,
  "usdt": 629.8,
  "usdt_promedio_compra": 631.61,
  "usdt_promedio_venta": 624.23,
  "timestamp": 1776807329.9966395,
  "human_date": "2026-04-21 21:35:34"
}