{
  "dolar": 487.1192,
  "euro": 569.76384347,
  "usdt": 631.99,
  "usdt_promedio_compra": 634.78,
  "usdt_promedio_venta": 623.65,
  "timestamp": 1777550788.0559866,
  "human_date": "2026-04-30 12:06:32"
}