{
  "dolar": 440.9657,
  "euro": 510.48835226,
  "usdt": 625.0,
  "usdt_promedio_compra": 626.9,
  "usdt_promedio_venta": 620.11,
  "timestamp": 1773337227.6614525,
  "human_date": "2026-03-12 17:40:32"
}