{
  "dolar": 455.2547,
  "euro": 524.50804496,
  "usdt": 666.57,
  "usdt_promedio_compra": 672.5,
  "usdt_promedio_venta": 634.58,
  "timestamp": 1773912742.7013745,
  "human_date": "2026-03-19 09:32:27"
}