{
  "dolar": 457.0757,
  "euro": 527.7944523,
  "usdt": 656.79,
  "usdt_promedio_compra": 670.77,
  "usdt_promedio_venta": 599.36,
  "timestamp": 1774081126.018355,
  "human_date": "2026-03-21 08:18:50"
}