{
  "dolar": 474.0598,
  "euro": 550.89541238,
  "usdt": 635.38,
  "usdt_promedio_compra": 637.75,
  "usdt_promedio_venta": 629.1,
  "timestamp": 1775330570.6719224,
  "human_date": "2026-04-04 19:22:54"
}