{
  "dolar": 457.0757,
  "euro": 527.7944523,
  "usdt": 653.5,
  "usdt_promedio_compra": 656.63,
  "usdt_promedio_venta": 647.83,
  "timestamp": 1774100103.491064,
  "human_date": "2026-03-21 13:35:08"
}