{
  "dolar": 457.0757,
  "euro": 527.7944523,
  "usdt": 658.0,
  "usdt_promedio_compra": 682.43,
  "usdt_promedio_venta": 609.85,
  "timestamp": 1774255322.2311785,
  "human_date": "2026-03-23 08:42:06"
}