{
  "dolar": 457.0757,
  "euro": 527.7944523,
  "usdt": 656.999,
  "usdt_promedio_compra": 658.99,
  "usdt_promedio_venta": 650.23,
  "timestamp": 1774113382.5184064,
  "human_date": "2026-03-21 17:16:27"
}