{
  "dolar": 438.205,
  "euro": 510.2108456,
  "usdt": 627.9,
  "usdt_promedio_compra": 629.32,
  "usdt_promedio_venta": 619.9,
  "timestamp": 1773254342.4372346,
  "human_date": "2026-03-11 18:39:07"
}