{
  "dolar": 474.0598,
  "euro": 550.89541238,
  "usdt": 655.997,
  "usdt_promedio_compra": 670.44,
  "usdt_promedio_venta": 621.98,
  "timestamp": 1775119846.0373168,
  "human_date": "2026-04-02 08:50:50"
}