{
  "dolar": 477.1488,
  "euro": 560.04863251,
  "usdt": 627.49,
  "usdt_promedio_compra": 630.56,
  "usdt_promedio_venta": 615.31,
  "timestamp": 1775997309.366804,
  "human_date": "2026-04-12 12:35:13"
}