{
  "dolar": 483.8695,
  "euro": 566.84344186,
  "usdt": 631.947,
  "usdt_promedio_compra": 635.43,
  "usdt_promedio_venta": 619.4,
  "timestamp": 1777005918.7966478,
  "human_date": "2026-04-24 04:45:23"
}