{
  "dolar": 489.5547,
  "euro": 574.19381208,
  "usdt": 633.8,
  "usdt_promedio_compra": 634.39,
  "usdt_promedio_venta": 628.99,
  "timestamp": 1777740668.46787,
  "human_date": "2026-05-02 16:51:13"
}