{
  "dolar": 446.8048,
  "euro": 511.22064801,
  "usdt": 627.999,
  "usdt_promedio_compra": 633.99,
  "usdt_promedio_venta": 594.37,
  "timestamp": 1773480139.9648082,
  "human_date": "2026-03-14 09:22:24"
}