{
  "dolar": 477.6259,
  "euro": 559.20917997,
  "usdt": 639.999,
  "usdt_promedio_compra": 642.06,
  "usdt_promedio_venta": 634.89,
  "timestamp": 1776167407.1651497,
  "human_date": "2026-04-14 11:50:11"
}