{
  "dolar": 474.5338,
  "euro": 547.55980648,
  "usdt": 630.0,
  "usdt_promedio_compra": 633.33,
  "usdt_promedio_venta": 623.77,
  "timestamp": 1775566416.4215891,
  "human_date": "2026-04-07 12:53:41"
}