{
  "dolar": 421.8772,
  "euro": 493.53726119,
  "usdt": 616.998,
  "usdt_promedio_compra": 620.64,
  "usdt_promedio_venta": 607.51,
  "timestamp": 1772537014.705244,
  "human_date": "2026-03-03 11:23:39"
}