{
  "dolar": 466.6014,
  "euro": 540.17044273,
  "usdt": 674.95,
  "usdt_promedio_compra": 678.71,
  "usdt_promedio_venta": 668.72,
  "timestamp": 1774481013.879763,
  "human_date": "2026-03-25 23:23:38"
}