{
  "dolar": 451.5072,
  "euro": 520.64198246,
  "usdt": 668.0,
  "usdt_promedio_compra": 671.07,
  "usdt_promedio_venta": 651.84,
  "timestamp": 1773833808.1829636,
  "human_date": "2026-03-18 11:36:52"
}