{
  "dolar": 481.2177,
  "euro": 568.51540295,
  "usdt": 619.5,
  "usdt_promedio_compra": 621.27,
  "usdt_promedio_venta": 611.47,
  "timestamp": 1776464807.9176822,
  "human_date": "2026-04-17 22:26:52"
}